[
  {
    "id": "8a762b3d-2eb5-49de-8b66-8ecd39c913fb",
    "data": [
      {
        "text": "My apologies, ",
        "userDefined": false
      },
      {
        "text": "Skymist",
        "alias": "agent-name",
        "meta": "@agent-name",
        "userDefined": true
      },
      {
        "text": ".",
        "userDefined": false
      }
    ],
    "isTemplate": false,
    "count": 0,
    "updated": 1514987619
  },
  {
    "id": "241899c5-0088-4c33-b407-45b80e6d7417",
    "data": [
      {
        "text": "Sorry, ",
        "userDefined": false
      },
      {
        "text": "Skymist",
        "alias": "agent-name",
        "meta": "@agent-name",
        "userDefined": false
      },
      {
        "text": ".",
        "userDefined": false
      }
    ],
    "isTemplate": false,
    "count": 0,
    "updated": 1514987619
  }
]