[
  {
    "id": "be0d96d4-02cc-4d5f-bf3f-5d57474991a5",
    "data": [
      {
        "text": "My apologies, ",
        "userDefined": false
      },
      {
        "text": "Skymist",
        "alias": "agent-name",
        "meta": "@agent-name",
        "userDefined": true
      },
      {
        "text": ".",
        "userDefined": false
      }
    ],
    "isTemplate": false,
    "count": 0,
    "updated": 1514987619
  },
  {
    "id": "1352572b-c9bf-4d80-ae9c-bfce0c85e0a9",
    "data": [
      {
        "text": "Sorry, ",
        "userDefined": false
      },
      {
        "text": "Skymist",
        "alias": "agent-name",
        "meta": "@agent-name",
        "userDefined": false
      },
      {
        "text": ".",
        "userDefined": false
      }
    ],
    "isTemplate": false,
    "count": 0,
    "updated": 1514987619
  }
]