[
  {
    "id": "84471ec3-9e5a-4497-ab38-f360caffc8ab",
    "data": [
      {
        "text": "Administrator Override: ",
        "userDefined": false
      },
      {
        "text": "Seaspray04",
        "alias": "override-administrative",
        "meta": "@override-administrative",
        "userDefined": true
      }
    ],
    "isTemplate": false,
    "count": 0
  },
  {
    "id": "ef4f3180-8f14-4c84-82e5-34ac425b0665",
    "data": [
      {
        "text": "override ",
        "userDefined": false
      },
      {
        "text": "Seaspray04",
        "alias": "override-administrative",
        "meta": "@override-administrative",
        "userDefined": true
      }
    ],
    "isTemplate": false,
    "count": 0
  }
]