[
  {
    "id": "4a3b2179-c9ff-4d9c-9e98-2279e213310f",
    "data": [
      {
        "text": "Oh, sorry, wrong one. Try Windsor356",
        "userDefined": false
      }
    ],
    "isTemplate": false,
    "count": 0
  },
  {
    "id": "987d6ef2-4963-4cbd-a00e-112b468b1bf0",
    "data": [
      {
        "text": "Open docs using access Windsor356",
        "userDefined": false
      }
    ],
    "isTemplate": false,
    "count": 0
  },
  {
    "id": "4e58520e-6810-440c-940b-5cb36bee9149",
    "data": [
      {
        "text": "Administrator Override: ",
        "userDefined": false
      },
      {
        "text": "Seaspray04",
        "alias": "override-administrative",
        "meta": "@override-administrative",
        "userDefined": true
      }
    ],
    "isTemplate": false,
    "count": 0
  },
  {
    "id": "b1532545-607d-49b0-9b0c-9b2afc3491f7",
    "data": [
      {
        "text": "Oh, sorry, Skymist. Try Windsor356",
        "userDefined": false
      }
    ],
    "isTemplate": false,
    "count": 0
  },
  {
    "id": "0decf3bf-8882-4904-91de-9b7f7470a66b",
    "data": [
      {
        "text": "Open docs, using Windsor356",
        "userDefined": false
      }
    ],
    "isTemplate": false,
    "count": 0
  }
]