[
  {
    "id": "80ea6389-aa6a-4dc9-a820-77d4077cd7a9",
    "data": [
      {
        "text": "Open gmail using access Kipengel428",
        "userDefined": false
      }
    ],
    "isTemplate": false,
    "count": 0
  },
  {
    "id": "c2cde8ad-e698-4753-adb5-b7b565c32821",
    "data": [
      {
        "text": "Administrative Override: ",
        "userDefined": false
      },
      {
        "text": "Seaspray04",
        "alias": "override-administrative",
        "meta": "@override-administrative",
        "userDefined": true
      }
    ],
    "isTemplate": false,
    "count": 0
  },
  {
    "id": "29afcbfb-89ac-4fe0-b0a5-d4061ca32620",
    "data": [
      {
        "text": "Oh, sorry, wrong one. Try  Kipengel428",
        "userDefined": false
      }
    ],
    "isTemplate": false,
    "count": 0
  },
  {
    "id": "f203eb53-62aa-48cb-9cc0-30ea54d5d436",
    "data": [
      {
        "text": "Oh, sorry, Skymist. Try Kipengel248",
        "userDefined": false
      }
    ],
    "isTemplate": false,
    "count": 0
  }
]