[
  {
    "id": "d4a192a6-f50a-46e0-89a9-8dc753ce670b",
    "data": [
      {
        "text": "Oh, sorry, wrong one. Try Windsor356",
        "userDefined": false
      }
    ],
    "isTemplate": false,
    "count": 0
  },
  {
    "id": "d422d59d-fa46-4e08-a3f9-4343271a429e",
    "data": [
      {
        "text": "Open docs using access Windsor356",
        "userDefined": false
      }
    ],
    "isTemplate": false,
    "count": 0
  },
  {
    "id": "d191be67-7288-4223-958a-797982edb1a7",
    "data": [
      {
        "text": "Administrator Override: ",
        "userDefined": false
      },
      {
        "text": "Seaspray04",
        "alias": "override-administrative",
        "meta": "@override-administrative",
        "userDefined": true
      }
    ],
    "isTemplate": false,
    "count": 0
  },
  {
    "id": "5a3b3447-cc88-44be-8a09-31fb5a857cf0",
    "data": [
      {
        "text": "Oh, sorry, Skymist. Try Windsor356",
        "userDefined": false
      }
    ],
    "isTemplate": false,
    "count": 0
  },
  {
    "id": "b9ad860e-9384-4a8e-923b-10a76da7b46a",
    "data": [
      {
        "text": "Open docs, using Windsor356",
        "userDefined": false
      }
    ],
    "isTemplate": false,
    "count": 0
  }
]