[
  {
    "id": "0244311f-4b0c-4906-a655-70e0b3ead406",
    "data": [
      {
        "text": "open ",
        "userDefined": false
      },
      {
        "text": "docs",
        "alias": "app-name",
        "meta": "@app-name",
        "userDefined": true
      },
      {
        "text": " please",
        "userDefined": false
      }
    ],
    "isTemplate": false,
    "count": 0
  },
  {
    "id": "91bb9347-9ae1-4ba2-a914-286f0274dceb",
    "data": [
      {
        "text": "open ",
        "userDefined": false
      },
      {
        "text": "docs",
        "alias": "app-name",
        "meta": "@app-name",
        "userDefined": true
      }
    ],
    "isTemplate": false,
    "count": 0,
    "updated": 0
  },
  {
    "id": "0260b140-bd9b-4684-9be8-7a96924514e4",
    "data": [
      {
        "text": "Skymist, please",
        "meta": "@sys.ignore",
        "userDefined": true
      },
      {
        "text": " open ",
        "userDefined": false
      },
      {
        "text": "docs",
        "alias": "app-name",
        "meta": "@app-name",
        "userDefined": true
      }
    ],
    "isTemplate": false,
    "count": 0,
    "updated": 0
  }
]