[
  {
    "id": "983fb2df-c62d-4307-a917-3707156c9d98",
    "data": [
      {
        "text": "Administrator Override: ",
        "userDefined": false
      },
      {
        "text": "Seaspray04",
        "alias": "override-administrative",
        "meta": "@override-administrative",
        "userDefined": true
      }
    ],
    "isTemplate": false,
    "count": 0
  },
  {
    "id": "96853215-818f-4e17-aee0-fb8d1500aaf9",
    "data": [
      {
        "text": "override ",
        "userDefined": false
      },
      {
        "text": "Seaspray04",
        "alias": "override-administrative",
        "meta": "@override-administrative",
        "userDefined": true
      }
    ],
    "isTemplate": false,
    "count": 0
  }
]