[
  {
    "id": "06ef0ea7-b4f1-4f60-99bb-5d1d05294050",
    "data": [
      {
        "text": "open ",
        "userDefined": false
      },
      {
        "text": "docs",
        "alias": "app-name",
        "meta": "@app-name",
        "userDefined": true
      },
      {
        "text": " please",
        "userDefined": false
      }
    ],
    "isTemplate": false,
    "count": 0
  },
  {
    "id": "aad584db-fff7-47e2-a502-84e3eba7c7af",
    "data": [
      {
        "text": "open ",
        "userDefined": false
      },
      {
        "text": "docs",
        "alias": "app-name",
        "meta": "@app-name",
        "userDefined": true
      }
    ],
    "isTemplate": false,
    "count": 0,
    "updated": 0
  },
  {
    "id": "8cc871f3-8509-4e86-8c15-3c039748e363",
    "data": [
      {
        "text": "Skymist, please",
        "meta": "@sys.ignore",
        "userDefined": true
      },
      {
        "text": " open ",
        "userDefined": false
      },
      {
        "text": "docs",
        "alias": "app-name",
        "meta": "@app-name",
        "userDefined": true
      }
    ],
    "isTemplate": false,
    "count": 0,
    "updated": 0
  }
]