[
  {
    "id": "28924c30-55de-41e9-8fce-d2b4d7a82989",
    "data": [
      {
        "text": "Skymist, please open ",
        "userDefined": false
      },
      {
        "text": "gmail",
        "alias": "app-name",
        "meta": "@app-name",
        "userDefined": true
      }
    ],
    "isTemplate": false,
    "count": 0
  },
  {
    "id": "aedce8c8-6663-4a4a-b0f6-4d8afe782365",
    "data": [
      {
        "text": "Skymist, open ",
        "userDefined": false
      },
      {
        "text": "gmail",
        "alias": "app-name",
        "meta": "@app-name",
        "userDefined": true
      }
    ],
    "isTemplate": false,
    "count": 0
  },
  {
    "id": "c50aab86-d4fd-466c-86ca-5c7a91d3f774",
    "data": [
      {
        "text": "open ",
        "userDefined": false
      },
      {
        "text": "gmail",
        "alias": "app-name",
        "meta": "@app-name",
        "userDefined": true
      }
    ],
    "isTemplate": false,
    "count": 0
  },
  {
    "id": "bef92eb0-12c2-4386-b1ed-31c656755e66",
    "data": [
      {
        "text": "open ",
        "userDefined": false
      },
      {
        "text": "gmail",
        "alias": "app-name",
        "meta": "@app-name",
        "userDefined": true
      },
      {
        "text": " please",
        "userDefined": false
      }
    ],
    "isTemplate": false,
    "count": 0,
    "updated": 1513095260
  }
]