[
  {
    "id": "c69ae7ba-f557-4af0-a6f6-1a386500d97f",
    "data": [
      {
        "text": "Skymist, please open ",
        "userDefined": false
      },
      {
        "text": "gmail",
        "alias": "app-name",
        "meta": "@app-name",
        "userDefined": true
      }
    ],
    "isTemplate": false,
    "count": 0
  },
  {
    "id": "761359c8-2072-4fcc-b1c7-c86675bce648",
    "data": [
      {
        "text": "Skymist, open ",
        "userDefined": false
      },
      {
        "text": "gmail",
        "alias": "app-name",
        "meta": "@app-name",
        "userDefined": true
      }
    ],
    "isTemplate": false,
    "count": 0
  },
  {
    "id": "17d3883c-f161-4169-a2df-091ef462e75e",
    "data": [
      {
        "text": "open ",
        "userDefined": false
      },
      {
        "text": "gmail",
        "alias": "app-name",
        "meta": "@app-name",
        "userDefined": true
      }
    ],
    "isTemplate": false,
    "count": 0
  },
  {
    "id": "4057ca09-bb6f-4253-8237-40a9b3d755b2",
    "data": [
      {
        "text": "open ",
        "userDefined": false
      },
      {
        "text": "gmail",
        "alias": "app-name",
        "meta": "@app-name",
        "userDefined": true
      },
      {
        "text": " please",
        "userDefined": false
      }
    ],
    "isTemplate": false,
    "count": 0,
    "updated": 1513095260
  }
]