[
  {
    "id": "b4d2d05d-52d4-4556-b430-9d1e4dbf46cf",
    "data": [
      {
        "text": "Administrator",
        "meta": "@sys.ignore",
        "userDefined": true
      },
      {
        "text": " Override: ",
        "userDefined": false
      },
      {
        "text": "Seaspray04",
        "alias": "override-administrative",
        "meta": "@override-administrative",
        "userDefined": true
      }
    ],
    "isTemplate": false,
    "count": 0
  },
  {
    "id": "aa235651-e04c-41a0-b03a-7e4d081c9e13",
    "data": [
      {
        "text": "override ",
        "userDefined": false
      },
      {
        "text": "Seaspray04",
        "alias": "override-administrative",
        "meta": "@override-administrative",
        "userDefined": true
      }
    ],
    "isTemplate": false,
    "count": 0
  }
]