[
  {
    "id": "9e48d54b-31b5-4dc7-a907-e55a63da9b95",
    "data": [
      {
        "text": "Administrator",
        "meta": "@sys.ignore",
        "userDefined": true
      },
      {
        "text": " Override: ",
        "userDefined": false
      },
      {
        "text": "Seaspray04",
        "alias": "override-administrative",
        "meta": "@override-administrative",
        "userDefined": true
      }
    ],
    "isTemplate": false,
    "count": 0
  },
  {
    "id": "145c083c-befe-4675-bda9-d2ab96286e33",
    "data": [
      {
        "text": "override ",
        "userDefined": false
      },
      {
        "text": "Seaspray04",
        "alias": "override-administrative",
        "meta": "@override-administrative",
        "userDefined": true
      }
    ],
    "isTemplate": false,
    "count": 0
  }
]