[
  {
    "id": "7ed89a2f-3040-493d-9e2a-cbbd628d1df0",
    "data": [
      {
        "text": "Open gmail using access Kipengel428",
        "userDefined": false
      }
    ],
    "isTemplate": false,
    "count": 0
  },
  {
    "id": "ba088f26-ddd9-4f6e-a0cb-244714471a60",
    "data": [
      {
        "text": "Administrative Override: ",
        "userDefined": false
      },
      {
        "text": "Seaspray04",
        "alias": "override-administrative",
        "meta": "@override-administrative",
        "userDefined": true
      }
    ],
    "isTemplate": false,
    "count": 0
  },
  {
    "id": "91f9465e-628e-4293-8d5c-e5efd203cb57",
    "data": [
      {
        "text": "Oh, sorry, wrong one. Try  Kipengel428",
        "userDefined": false
      }
    ],
    "isTemplate": false,
    "count": 0
  },
  {
    "id": "aa187a52-7398-4b2b-98f7-316e93b550d7",
    "data": [
      {
        "text": "Oh, sorry, Skymist. Try Kipengel248",
        "userDefined": false
      }
    ],
    "isTemplate": false,
    "count": 0
  }
]