[
  {
    "id": "950fefbf-23ac-41b9-8bd4-76080780ca1c",
    "data": [
      {
        "text": "Skymist?",
        "userDefined": false
      }
    ],
    "isTemplate": false,
    "count": 0
  },
  {
    "id": "997c7bf0-d533-4872-bb95-e7df8c450330",
    "data": [
      {
        "text": "Hello, are you there?",
        "userDefined": false
      }
    ],
    "isTemplate": false,
    "count": 0
  },
  {
    "id": "1dd4f0bb-09b8-4f83-87ae-567e5ebb3890",
    "data": [
      {
        "text": "Um, ",
        "userDefined": false
      },
      {
        "text": "hello",
        "meta": "@sys.ignore",
        "userDefined": false
      },
      {
        "text": "? Are you online?",
        "userDefined": false
      }
    ],
    "isTemplate": false,
    "count": 1
  },
  {
    "id": "964ce803-2a9c-448c-ac50-77cb85e84b8a",
    "data": [
      {
        "text": "Skymist, are you there?",
        "userDefined": false
      }
    ],
    "isTemplate": false,
    "count": 0
  },
  {
    "id": "35d68b12-f7b3-4ce4-8ac5-790b12b6905a",
    "data": [
      {
        "text": "Are you there Skymist?",
        "userDefined": false
      }
    ],
    "isTemplate": false,
    "count": 0
  },
  {
    "id": "3f74be87-2a91-4bb5-9288-d41a8ba3c4bd",
    "data": [
      {
        "text": "Are you active?",
        "userDefined": false
      }
    ],
    "isTemplate": false,
    "count": 0
  },
  {
    "id": "bd5bb637-3d70-4201-b9fd-2acf039c05c1",
    "data": [
      {
        "text": "You there?",
        "userDefined": false
      }
    ],
    "isTemplate": false,
    "count": 0,
    "updated": 1513098013
  }
]