[
  {
    "id": "c8e29273-28a1-4113-a0d9-e373e346a826",
    "data": [
      {
        "text": "Skymist?",
        "userDefined": false
      }
    ],
    "isTemplate": false,
    "count": 0
  },
  {
    "id": "8d4ab06a-cf3c-473b-afc8-e6cac1af0b78",
    "data": [
      {
        "text": "Hello, are you there?",
        "userDefined": false
      }
    ],
    "isTemplate": false,
    "count": 0
  },
  {
    "id": "23a4a375-52be-48bb-ad28-55b983f13ff7",
    "data": [
      {
        "text": "Um, ",
        "userDefined": false
      },
      {
        "text": "hello",
        "meta": "@sys.ignore",
        "userDefined": false
      },
      {
        "text": "? Are you online?",
        "userDefined": false
      }
    ],
    "isTemplate": false,
    "count": 1
  },
  {
    "id": "95749b5a-de67-4325-ad64-d651d8562df7",
    "data": [
      {
        "text": "Skymist, are you there?",
        "userDefined": false
      }
    ],
    "isTemplate": false,
    "count": 0
  },
  {
    "id": "36db0608-26e9-483f-985f-f82c59cd1764",
    "data": [
      {
        "text": "Are you there Skymist?",
        "userDefined": false
      }
    ],
    "isTemplate": false,
    "count": 0
  },
  {
    "id": "caeb65df-c429-40ee-840d-f17cad354d99",
    "data": [
      {
        "text": "Are you active?",
        "userDefined": false
      }
    ],
    "isTemplate": false,
    "count": 0
  },
  {
    "id": "a4a7680f-f449-474c-a70a-1eb04e4aea0b",
    "data": [
      {
        "text": "You there?",
        "userDefined": false
      }
    ],
    "isTemplate": false,
    "count": 0,
    "updated": 1513098013
  }
]