[
  {
    "id": "714897b0-621c-42db-87d3-1e6ab4615b4a",
    "data": [
      {
        "text": "15",
        "alias": "number",
        "meta": "@sys.number",
        "userDefined": true
      }
    ],
    "isTemplate": false,
    "count": 0
  },
  {
    "id": "f8d8cdc9-e171-454e-b86c-1e970615975b",
    "data": [
      {
        "text": "I\u0027m ",
        "userDefined": false
      },
      {
        "text": "15",
        "alias": "number",
        "meta": "@sys.number",
        "userDefined": true
      }
    ],
    "isTemplate": false,
    "count": 0
  },
  {
    "id": "c5c6619e-e429-415a-98ab-a71139e25efc",
    "data": [
      {
        "text": "I\u0027m turning ",
        "userDefined": false
      },
      {
        "text": "15",
        "alias": "number",
        "meta": "@sys.number",
        "userDefined": false
      }
    ],
    "isTemplate": false,
    "count": 0
  }
]