[
  {
    "id": "3af61741-0bc3-4641-a45e-817668bfa731",
    "data": [
      {
        "text": "Skymist, when is your birthday?",
        "userDefined": false
      }
    ],
    "isTemplate": false,
    "count": 0,
    "updated": 1513193636
  },
  {
    "id": "bb5d436b-b0d3-4771-b752-2d519f21521e",
    "data": [
      {
        "text": "What\u0027s your birthday?",
        "userDefined": false
      }
    ],
    "isTemplate": false,
    "count": 0
  },
  {
    "id": "c1b63627-15a7-4708-beec-805fbf01ee07",
    "data": [
      {
        "text": "When\u0027s your birthday?",
        "userDefined": false
      }
    ],
    "isTemplate": false,
    "count": 0,
    "updated": 1513193636
  }
]