[
  {
    "id": "f8089144-b1e2-4431-b433-5c1d4312587c",
    "data": [
      {
        "text": "15",
        "alias": "number",
        "meta": "@sys.number",
        "userDefined": true
      }
    ],
    "isTemplate": false,
    "count": 0
  },
  {
    "id": "89b57b1e-e8df-4df7-9b08-583a4f324d16",
    "data": [
      {
        "text": "I\u0027m ",
        "userDefined": false
      },
      {
        "text": "15",
        "alias": "number",
        "meta": "@sys.number",
        "userDefined": true
      }
    ],
    "isTemplate": false,
    "count": 0
  },
  {
    "id": "a40403cb-3f87-41fe-af93-2bca46dbb82e",
    "data": [
      {
        "text": "I\u0027m turning ",
        "userDefined": false
      },
      {
        "text": "15",
        "alias": "number",
        "meta": "@sys.number",
        "userDefined": false
      }
    ],
    "isTemplate": false,
    "count": 0
  }
]