[
  {
    "id": "206d4adb-1cb1-448a-9612-e38e7c4655be",
    "data": [
      {
        "text": "Skymist, when is your birthday?",
        "userDefined": false
      }
    ],
    "isTemplate": false,
    "count": 0,
    "updated": 1513193636
  },
  {
    "id": "89737817-0b4f-41e5-b876-f31f6e64918f",
    "data": [
      {
        "text": "What\u0027s your birthday?",
        "userDefined": false
      }
    ],
    "isTemplate": false,
    "count": 0
  },
  {
    "id": "978d5082-1fe7-4904-a1df-26d73bb7153c",
    "data": [
      {
        "text": "When\u0027s your birthday?",
        "userDefined": false
      }
    ],
    "isTemplate": false,
    "count": 0,
    "updated": 1513193636
  }
]