[
  {
    "id": "e87df2b2-0629-4c24-b7fe-1813f8350d9e",
    "data": [
      {
        "text": "Skymist, please cancel that",
        "userDefined": false
      }
    ],
    "isTemplate": false,
    "count": 0,
    "updated": 1513175201
  },
  {
    "id": "9727ff63-44f2-44c4-8b36-aff2c4960cb2",
    "data": [
      {
        "text": "Scratch that, Skymist",
        "userDefined": false
      }
    ],
    "isTemplate": false,
    "count": 0,
    "updated": 1513175201
  },
  {
    "id": "f92c5904-0c09-428c-9152-e14284e0166b",
    "data": [
      {
        "text": "Actually, cancel that",
        "userDefined": false
      }
    ],
    "isTemplate": false,
    "count": 0,
    "updated": 1513175201
  }
]