[
  {
    "id": "2fbc6981-d04b-4d79-963c-19402bfe5e23",
    "data": [
      {
        "text": "Skymist, please cancel that",
        "userDefined": false
      }
    ],
    "isTemplate": false,
    "count": 0,
    "updated": 1513175201
  },
  {
    "id": "62b29f84-2e98-437c-85a4-f2323e86847f",
    "data": [
      {
        "text": "Scratch that, Skymist",
        "userDefined": false
      }
    ],
    "isTemplate": false,
    "count": 0,
    "updated": 1513175201
  },
  {
    "id": "53ad98dc-bab1-4e60-aeb4-14089dddef31",
    "data": [
      {
        "text": "Actually, cancel that",
        "userDefined": false
      }
    ],
    "isTemplate": false,
    "count": 0,
    "updated": 1513175201
  }
]