[
  {
    "id": "14b0afe1-a16c-44a0-8e79-ad450b8e7712",
    "data": [
      {
        "text": "Gtg, Skymist, c ya later",
        "userDefined": false
      }
    ],
    "isTemplate": false,
    "count": 0
  },
  {
    "id": "8b3df827-f38f-4bc0-96b9-c9b385630fc7",
    "data": [
      {
        "text": "Alright, Skymist, we\u0027re done for today. You may sign off now.",
        "userDefined": false
      }
    ],
    "isTemplate": false,
    "count": 0
  },
  {
    "id": "7d923f3b-894b-47f4-ba7a-56002a751097",
    "data": [
      {
        "text": "gtg",
        "userDefined": false
      }
    ],
    "isTemplate": false,
    "count": 0
  },
  {
    "id": "50a07e2e-8b80-4e3b-bbe3-9e3c3e839525",
    "data": [
      {
        "text": "Bye, Skymist. I gotta go.",
        "userDefined": false
      }
    ],
    "isTemplate": false,
    "count": 0
  },
  {
    "id": "bf1fb807-b7b8-408e-acf6-fc385a3d12c0",
    "data": [
      {
        "text": "That will be all, Skymist. You may go offline now.",
        "userDefined": false
      }
    ],
    "isTemplate": false,
    "count": 0
  },
  {
    "id": "46d7002c-a2a5-4e33-83dc-5ddd4b2976a9",
    "data": [
      {
        "text": "Ok. See ya later, Skymist.",
        "userDefined": false
      }
    ],
    "isTemplate": false,
    "count": 0
  }
]