[
  {
    "id": "837818b4-d839-4187-a9cc-30e1c7fb64b9",
    "data": [
      {
        "text": "You there, Skymist?",
        "userDefined": false
      }
    ],
    "isTemplate": false,
    "count": 0,
    "updated": 0
  },
  {
    "id": "27c0f78e-03b3-4ef6-9be5-5635f74bd8cf",
    "data": [
      {
        "text": "Gtg, Skymist, c ya later",
        "userDefined": false
      }
    ],
    "isTemplate": false,
    "count": 0
  },
  {
    "id": "50f4a455-4522-40a5-9fe8-7d9e00d60132",
    "data": [
      {
        "text": "Alright, Skymist, we\u0027re done for today. You may sign off now.",
        "userDefined": false
      }
    ],
    "isTemplate": false,
    "count": 0
  },
  {
    "id": "433a2e47-709f-477f-9989-74991da20be9",
    "data": [
      {
        "text": "gtg",
        "userDefined": false
      }
    ],
    "isTemplate": false,
    "count": 0
  },
  {
    "id": "ac1be4bd-bc5e-4ce2-be21-a7b0c021a71d",
    "data": [
      {
        "text": "Bye, Skymist. I gotta go.",
        "userDefined": false
      }
    ],
    "isTemplate": false,
    "count": 0
  },
  {
    "id": "420ab0b0-d4e7-4611-a3e2-5030300356cf",
    "data": [
      {
        "text": "That will be all, Skymist. You may go offline now.",
        "userDefined": false
      }
    ],
    "isTemplate": false,
    "count": 0
  },
  {
    "id": "497a478f-864e-4525-9a57-6b7fe793de96",
    "data": [
      {
        "text": "Ok. See ya later, Skymist.",
        "userDefined": false
      }
    ],
    "isTemplate": false,
    "count": 0
  }
]