[
  {
    "id": "1bd73c15-e2d3-45b3-b27e-15ae349e48d0",
    "data": [
      {
        "text": "That\u0027ll be all, Skymist. Thanks.",
        "userDefined": false
      }
    ],
    "isTemplate": false,
    "count": 0,
    "updated": 1513368074
  },
  {
    "id": "985cd334-a685-42aa-902b-7c1d16a4835e",
    "data": [
      {
        "text": "Thanks, that will be all for now",
        "userDefined": false
      }
    ],
    "isTemplate": false,
    "count": 0
  },
  {
    "id": "8eba8303-1f89-4faf-a5a9-8f18acf4776b",
    "data": [
      {
        "text": "Thank you",
        "meta": "@sys.ignore",
        "userDefined": false
      },
      {
        "text": ", that will be ",
        "userDefined": false
      },
      {
        "text": "all",
        "meta": "@sys.ignore",
        "userDefined": false
      },
      {
        "text": ", ",
        "userDefined": false
      },
      {
        "text": "Skymist",
        "alias": "agent-name",
        "meta": "@agent-name",
        "userDefined": false
      },
      {
        "text": ".",
        "userDefined": false
      }
    ],
    "isTemplate": false,
    "count": 0,
    "updated": 1513368074
  }
]