[
  {
    "id": "70b54336-8c97-4ebe-82d1-a7e511304b78",
    "data": [
      {
        "text": "That\u0027ll be all, Skymist. Thanks.",
        "userDefined": false
      }
    ],
    "isTemplate": false,
    "count": 0,
    "updated": 1513368074
  },
  {
    "id": "2872b3a3-31a7-4ef0-9628-7cfa62c09db1",
    "data": [
      {
        "text": "Thanks, that will be all for now",
        "userDefined": false
      }
    ],
    "isTemplate": false,
    "count": 0
  },
  {
    "id": "9ba87f2c-87a6-4ec0-9b94-d6ba091b6a28",
    "data": [
      {
        "text": "Thanks, that be",
        "userDefined": false
      }
    ],
    "isTemplate": false,
    "count": 0,
    "updated": 1513368074
  },
  {
    "id": "ada878b6-b90d-4a61-b97a-5b979538ca79",
    "data": [
      {
        "text": "Thank you",
        "meta": "@sys.ignore",
        "userDefined": false
      },
      {
        "text": ", that will be ",
        "userDefined": false
      },
      {
        "text": "all",
        "meta": "@sys.ignore",
        "userDefined": false
      },
      {
        "text": ", ",
        "userDefined": false
      },
      {
        "text": "Skymist",
        "alias": "agent-name",
        "meta": "@agent-name",
        "userDefined": false
      },
      {
        "text": ".",
        "userDefined": false
      }
    ],
    "isTemplate": false,
    "count": 0,
    "updated": 1513368074
  }
]