[
  {
    "id": "16e44102-8bad-43cc-97cd-2ba9a352124d",
    "data": [
      {
        "text": "Do you have a dirty sense of humor?",
        "userDefined": false
      }
    ],
    "isTemplate": false,
    "count": 0,
    "updated": 1513126453
  },
  {
    "id": "382ac63f-e3db-40a0-88b7-88655f547224",
    "data": [
      {
        "text": "Are you dirty minded?",
        "userDefined": false
      }
    ],
    "isTemplate": false,
    "count": 0
  },
  {
    "id": "180c5319-1eef-48d7-b35d-7c7987937505",
    "data": [
      {
        "text": "Hey, Skymist, do you have a dirty mind?",
        "userDefined": false
      }
    ],
    "isTemplate": false,
    "count": 0,
    "updated": 1513126453
  }
]