[
  {
    "id": "b2230575-e60f-4c44-8f5f-f14da413bb88",
    "data": [
      {
        "text": "Do you have a dirty sense of humor?",
        "userDefined": false
      }
    ],
    "isTemplate": false,
    "count": 0,
    "updated": 1513126453
  },
  {
    "id": "4c2808c5-f6b5-4a20-a226-e6704c099939",
    "data": [
      {
        "text": "Are you dirty minded?",
        "userDefined": false
      }
    ],
    "isTemplate": false,
    "count": 0
  },
  {
    "id": "25147d81-f31c-4dbf-9261-9662c2339c3d",
    "data": [
      {
        "text": "Hey, Skymist, do you have a dirty mind?",
        "userDefined": false
      }
    ],
    "isTemplate": false,
    "count": 0,
    "updated": 1513126453
  }
]