[
  {
    "id": "0d885be4-e388-4ada-8ec1-be34584715a2",
    "data": [
      {
        "text": "Great",
        "userDefined": false
      }
    ],
    "isTemplate": false,
    "count": 0
  },
  {
    "id": "bc35e7ec-8304-4216-888c-b7c010ac2514",
    "data": [
      {
        "text": "Lol",
        "userDefined": false
      }
    ],
    "isTemplate": false,
    "count": 0
  },
  {
    "id": "f2e3a38f-9ce1-4677-a3b1-48a21aa9c1ec",
    "data": [
      {
        "text": "Good",
        "userDefined": false
      }
    ],
    "isTemplate": false,
    "count": 0
  }
]