[
  {
    "id": "db2e4bf9-b771-4420-9093-7e735a1db004",
    "data": [
      {
        "text": "Great",
        "userDefined": false
      }
    ],
    "isTemplate": false,
    "count": 0
  },
  {
    "id": "c60197cb-bada-455f-a7f8-8f98670e4b70",
    "data": [
      {
        "text": "Lol",
        "userDefined": false
      }
    ],
    "isTemplate": false,
    "count": 0
  },
  {
    "id": "5d8ed73c-e06a-4859-a749-e7bbb19c14c5",
    "data": [
      {
        "text": "Good",
        "userDefined": false
      }
    ],
    "isTemplate": false,
    "count": 0
  }
]