[
  {
    "id": "06cc9643-6aea-4e36-9358-1e4414e6e013",
    "data": [
      {
        "text": "how much ",
        "userDefined": false
      },
      {
        "text": "wood",
        "meta": "@sys.ignore",
        "userDefined": true
      },
      {
        "text": " does woodchuck chuck",
        "userDefined": false
      }
    ],
    "isTemplate": false,
    "count": 0,
    "updated": 0
  },
  {
    "id": "9dcc472c-9a93-4635-8d46-58a1e37ea9ac",
    "data": [
      {
        "text": "how much chuck could a woodchuck chuck if a woodchuck could chuck ",
        "userDefined": false
      },
      {
        "text": "wood",
        "meta": "@sys.ignore",
        "userDefined": true
      }
    ],
    "isTemplate": false,
    "count": 0,
    "updated": 0
  },
  {
    "id": "b872a5df-43b1-43a4-a49d-90e32c041b04",
    "data": [
      {
        "text": "find out how much ",
        "userDefined": false
      },
      {
        "text": "wood",
        "meta": "@sys.ignore",
        "userDefined": false
      },
      {
        "text": " would a woodchuck chuck",
        "userDefined": false
      }
    ],
    "isTemplate": false,
    "count": 1,
    "updated": 0
  },
  {
    "id": "7c027ab5-6f68-4865-8704-b11cf75e7eee",
    "data": [
      {
        "text": "do you know how much ",
        "userDefined": false
      },
      {
        "text": "wood",
        "meta": "@sys.ignore",
        "userDefined": false
      },
      {
        "text": " would a woodchuck chuck",
        "userDefined": false
      }
    ],
    "isTemplate": false,
    "count": 0,
    "updated": 0
  },
  {
    "id": "7c8a6305-05cd-49e4-9bbc-37786a793b0c",
    "data": [
      {
        "text": "how ",
        "userDefined": false
      },
      {
        "text": "many",
        "meta": "@sys.ignore",
        "userDefined": false
      },
      {
        "text": " chucks would a woodchuck chuck if a woodchuck could chuck ",
        "userDefined": false
      },
      {
        "text": "wood",
        "meta": "@sys.ignore",
        "userDefined": false
      }
    ],
    "isTemplate": false,
    "count": 0,
    "updated": 0
  },
  {
    "id": "f7a11047-cbfe-4123-ba2d-b9a78d903be1",
    "data": [
      {
        "text": "can you say how ",
        "userDefined": false
      },
      {
        "text": "many",
        "meta": "@sys.ignore",
        "userDefined": true
      },
      {
        "text": " ",
        "userDefined": false
      },
      {
        "text": "wood",
        "meta": "@sys.ignore",
        "userDefined": true
      },
      {
        "text": " could a woodchuck chuck",
        "userDefined": false
      }
    ],
    "isTemplate": false,
    "count": 0,
    "updated": 0
  },
  {
    "id": "e9104d5b-7b15-4f68-aa8e-9bee79e60cc1",
    "data": [
      {
        "text": "please tell how much could a woodchuck chuck if a woodchuck could chuck ",
        "userDefined": false
      },
      {
        "text": "wood",
        "meta": "@sys.ignore",
        "userDefined": true
      }
    ],
    "isTemplate": false,
    "count": 0,
    "updated": 0
  },
  {
    "id": "49178edb-f356-422c-92b1-3bc0db7e87b0",
    "data": [
      {
        "text": "tell me how ",
        "userDefined": false
      },
      {
        "text": "many",
        "meta": "@sys.ignore",
        "userDefined": false
      },
      {
        "text": " times would a woodchuck chuck ",
        "userDefined": false
      },
      {
        "text": "wood",
        "meta": "@sys.ignore",
        "userDefined": false
      },
      {
        "text": " if a woodchuck would chuck ",
        "userDefined": false
      },
      {
        "text": "wood",
        "meta": "@sys.ignore",
        "userDefined": false
      }
    ],
    "isTemplate": false,
    "count": 0,
    "updated": 0
  },
  {
    "id": "433c8869-330a-469f-88b1-20fbf0a1fb0a",
    "data": [
      {
        "text": "how ",
        "userDefined": false
      },
      {
        "text": "many",
        "meta": "@sys.ignore",
        "userDefined": false
      },
      {
        "text": " wood would a woodchuck chuck",
        "userDefined": false
      }
    ],
    "isTemplate": false,
    "count": 0,
    "updated": 0
  }
]