[
  {
    "id": "ed665e6d-12a1-4995-8ca1-e91851fe6380",
    "data": [
      {
        "text": "why did the ",
        "userDefined": false
      },
      {
        "text": "chicken",
        "meta": "@sys.ignore",
        "userDefined": false
      },
      {
        "text": " ",
        "userDefined": false
      },
      {
        "text": "cross",
        "meta": "@sys.ignore",
        "userDefined": false
      },
      {
        "text": " the road",
        "userDefined": false
      }
    ],
    "isTemplate": false,
    "count": 0,
    "updated": 0
  },
  {
    "id": "eef1e657-784b-4fba-aded-46b96bd559e6",
    "data": [
      {
        "text": "Hey, why did the ",
        "userDefined": false
      },
      {
        "text": "chicken",
        "meta": "@sys.ignore",
        "userDefined": false
      },
      {
        "text": " ",
        "userDefined": false
      },
      {
        "text": "cross",
        "meta": "@sys.ignore",
        "userDefined": false
      },
      {
        "text": " the road",
        "userDefined": false
      }
    ],
    "isTemplate": false,
    "count": 0,
    "updated": 0
  },
  {
    "id": "4d0b64bc-dc65-4b19-b0e1-a3ff6bd3951e",
    "data": [
      {
        "text": "do you know why the ",
        "userDefined": false
      },
      {
        "text": "chicken",
        "meta": "@sys.ignore",
        "userDefined": false
      },
      {
        "text": " crossed the road",
        "userDefined": false
      }
    ],
    "isTemplate": false,
    "count": 0,
    "updated": 0
  }
]