[
  {
    "id": "02a2fef3-4200-4625-9807-8194ced0068e",
    "data": [
      {
        "text": "what\u0027s the meaning ",
        "userDefined": false
      },
      {
        "text": "of",
        "meta": "@sys.ignore",
        "userDefined": false
      },
      {
        "text": " life",
        "userDefined": false
      }
    ],
    "isTemplate": false,
    "count": 0,
    "updated": 0
  },
  {
    "id": "7a876ed7-2c76-4e4d-9ce4-ea016d3d67e8",
    "data": [
      {
        "text": "do you know the meaning ",
        "userDefined": false
      },
      {
        "text": "of",
        "meta": "@sys.ignore",
        "userDefined": false
      },
      {
        "text": " life",
        "userDefined": false
      }
    ],
    "isTemplate": false,
    "count": 0,
    "updated": 0
  },
  {
    "id": "89dd8796-e500-4aa3-914c-e083fc7911c6",
    "data": [
      {
        "text": "what\u0027s the meaning ",
        "userDefined": false
      },
      {
        "text": "of",
        "meta": "@sys.ignore",
        "userDefined": false
      },
      {
        "text": " life the universe and everything",
        "userDefined": false
      }
    ],
    "isTemplate": false,
    "count": 0,
    "updated": 0
  },
  {
    "id": "dae386b0-38a7-415c-b94d-da5573b02b42",
    "data": [
      {
        "text": "can you tell me the meaning ",
        "userDefined": false
      },
      {
        "text": "of",
        "meta": "@sys.ignore",
        "userDefined": false
      },
      {
        "text": " life",
        "userDefined": false
      }
    ],
    "isTemplate": false,
    "count": 0,
    "updated": 0
  },
  {
    "id": "d6dc91c0-e1eb-4631-be7a-264682f97c0a",
    "data": [
      {
        "text": "tell me the meaning ",
        "userDefined": false
      },
      {
        "text": "of",
        "meta": "@sys.ignore",
        "userDefined": false
      },
      {
        "text": " life",
        "userDefined": false
      }
    ],
    "isTemplate": false,
    "count": 0,
    "updated": 0
  }
]