[
  {
    "id": "5cc5fcdd-0726-4f39-8308-04ee9036c20e",
    "data": [
      {
        "text": "why did the ",
        "userDefined": false
      },
      {
        "text": "chicken",
        "meta": "@sys.ignore",
        "userDefined": false
      },
      {
        "text": " ",
        "userDefined": false
      },
      {
        "text": "cross",
        "meta": "@sys.ignore",
        "userDefined": false
      },
      {
        "text": " the road",
        "userDefined": false
      }
    ],
    "isTemplate": false,
    "count": 0,
    "updated": 0
  },
  {
    "id": "2a6e8809-b55d-41aa-927a-ac7f71d8a4f2",
    "data": [
      {
        "text": "Hey, why did the ",
        "userDefined": false
      },
      {
        "text": "chicken",
        "meta": "@sys.ignore",
        "userDefined": false
      },
      {
        "text": " ",
        "userDefined": false
      },
      {
        "text": "cross",
        "meta": "@sys.ignore",
        "userDefined": false
      },
      {
        "text": " the road",
        "userDefined": false
      }
    ],
    "isTemplate": false,
    "count": 0,
    "updated": 0
  },
  {
    "id": "ea171cdf-6d58-4453-bab4-349f1e012d21",
    "data": [
      {
        "text": "do you know why the ",
        "userDefined": false
      },
      {
        "text": "chicken",
        "meta": "@sys.ignore",
        "userDefined": false
      },
      {
        "text": " crossed the road",
        "userDefined": false
      }
    ],
    "isTemplate": false,
    "count": 0,
    "updated": 0
  }
]