[
  {
    "id": "c6c2a2bf-1b63-4223-9b90-730d1cfe2ee4",
    "data": [
      {
        "text": "what\u0027s the meaning ",
        "userDefined": false
      },
      {
        "text": "of",
        "meta": "@sys.ignore",
        "userDefined": false
      },
      {
        "text": " life",
        "userDefined": false
      }
    ],
    "isTemplate": false,
    "count": 0,
    "updated": 0
  },
  {
    "id": "c63d1462-9781-476e-8abe-4b9b8dbc0995",
    "data": [
      {
        "text": "do you know the meaning ",
        "userDefined": false
      },
      {
        "text": "of",
        "meta": "@sys.ignore",
        "userDefined": false
      },
      {
        "text": " life",
        "userDefined": false
      }
    ],
    "isTemplate": false,
    "count": 0,
    "updated": 0
  },
  {
    "id": "f3f4993c-9c37-4959-95e4-9ff9db42f033",
    "data": [
      {
        "text": "what\u0027s the meaning ",
        "userDefined": false
      },
      {
        "text": "of",
        "meta": "@sys.ignore",
        "userDefined": false
      },
      {
        "text": " life the universe and everything",
        "userDefined": false
      }
    ],
    "isTemplate": false,
    "count": 0,
    "updated": 0
  },
  {
    "id": "cbb7e6c0-3bce-420c-90a0-8a62a904f759",
    "data": [
      {
        "text": "can you tell me the meaning ",
        "userDefined": false
      },
      {
        "text": "of",
        "meta": "@sys.ignore",
        "userDefined": false
      },
      {
        "text": " life",
        "userDefined": false
      }
    ],
    "isTemplate": false,
    "count": 0,
    "updated": 0
  },
  {
    "id": "a75c1597-ef71-45eb-b8bc-a150b61aeac6",
    "data": [
      {
        "text": "tell me the meaning ",
        "userDefined": false
      },
      {
        "text": "of",
        "meta": "@sys.ignore",
        "userDefined": false
      },
      {
        "text": " life",
        "userDefined": false
      }
    ],
    "isTemplate": false,
    "count": 0,
    "updated": 0
  }
]