[
  {
    "id": "25c35ff5-3dc2-40ac-aa84-a08f8554f53c",
    "data": [
      {
        "text": "It\u0027s ",
        "userDefined": false
      },
      {
        "text": "Kimberly",
        "alias": "given-name",
        "meta": "@sys.given-name",
        "userDefined": true
      }
    ],
    "isTemplate": false,
    "count": 0,
    "updated": 1513362857
  },
  {
    "id": "c1831615-833a-42db-8e03-43fb0a8d6ab2",
    "data": [
      {
        "text": "Hello, it\u0027s ",
        "userDefined": false
      },
      {
        "text": "Kimberly",
        "alias": "given-name",
        "meta": "@sys.given-name",
        "userDefined": true
      }
    ],
    "isTemplate": false,
    "count": 0
  },
  {
    "id": "d0fa47a6-c154-417d-9374-f7b5115534b4",
    "data": [
      {
        "text": "My name is ",
        "userDefined": false
      },
      {
        "text": "Kimberly",
        "alias": "given-name",
        "meta": "@sys.given-name",
        "userDefined": true
      }
    ],
    "isTemplate": false,
    "count": 0,
    "updated": 1513362857
  }
]