[
  {
    "id": "4dc369b9-9509-490d-8d28-864f50316cf0",
    "data": [
      {
        "text": "It\u0027s ",
        "userDefined": false
      },
      {
        "text": "Kimberly",
        "alias": "given-name",
        "meta": "@sys.given-name",
        "userDefined": true
      }
    ],
    "isTemplate": false,
    "count": 0,
    "updated": 1513362857
  },
  {
    "id": "4d4e49d7-b823-4b21-a796-5c410ae89e64",
    "data": [
      {
        "text": "Hello, it\u0027s ",
        "userDefined": false
      },
      {
        "text": "Kimberly",
        "alias": "given-name",
        "meta": "@sys.given-name",
        "userDefined": true
      }
    ],
    "isTemplate": false,
    "count": 0
  },
  {
    "id": "b7847abf-201c-484d-bd63-3151498e59ac",
    "data": [
      {
        "text": "My name is ",
        "userDefined": false
      },
      {
        "text": "Kimberly",
        "alias": "given-name",
        "meta": "@sys.given-name",
        "userDefined": true
      }
    ],
    "isTemplate": false,
    "count": 0,
    "updated": 1513362857
  }
]