[
  {
    "id": "70aeec82-2549-4c9e-b18f-a353d7fa38f9",
    "data": [
      {
        "text": "What\u0027s your favorite holiday?",
        "userDefined": false
      }
    ],
    "isTemplate": false,
    "count": 0,
    "updated": 1513346741
  },
  {
    "id": "118bacff-71ee-4d59-9185-be63beb215bc",
    "data": [
      {
        "text": "What\u0027s your favorite holiday, Skymist?",
        "userDefined": false
      }
    ],
    "isTemplate": false,
    "count": 0,
    "updated": 1513346741
  }
]