[
  {
    "id": "9a88bc7b-7d26-46df-ae09-33a4632f695a",
    "data": [
      {
        "text": "Horse",
        "alias": "animals",
        "meta": "@animals",
        "userDefined": false
      }
    ],
    "isTemplate": false,
    "count": 0
  },
  {
    "id": "e105ae81-e6dc-4b49-aeb4-61b21ccb273f",
    "data": [
      {
        "text": "Cat",
        "alias": "animals",
        "meta": "@animals",
        "userDefined": false
      },
      {
        "text": " and ",
        "userDefined": false
      },
      {
        "text": "Dog",
        "alias": "animals",
        "meta": "@animals",
        "userDefined": true
      }
    ],
    "isTemplate": false,
    "count": 0
  }
]