[
  {
    "id": "c5bcbfef-08cb-4f0e-ada5-0a7e7764b0a4",
    "data": [
      {
        "text": "Dog",
        "alias": "animals",
        "meta": "@animals",
        "userDefined": false
      }
    ],
    "isTemplate": false,
    "count": 0
  },
  {
    "id": "16a8091d-e665-4af6-a9c2-b02302b0b2d7",
    "data": [
      {
        "text": "Cat",
        "alias": "animals",
        "meta": "@animals",
        "userDefined": false
      },
      {
        "text": " and ",
        "userDefined": false
      },
      {
        "text": "Dog",
        "alias": "animals",
        "meta": "@animals",
        "userDefined": true
      }
    ],
    "isTemplate": false,
    "count": 0
  }
]