[
  {
    "id": "1465577d-6817-4dee-88df-5d54e1f3db4a",
    "data": [
      {
        "text": "My favorite colors are ",
        "userDefined": false
      },
      {
        "text": "yellow",
        "alias": "colors",
        "meta": "@colors",
        "userDefined": true
      },
      {
        "text": " and ",
        "userDefined": false
      },
      {
        "text": "green",
        "alias": "colors",
        "meta": "@colors",
        "userDefined": true
      },
      {
        "text": ".",
        "userDefined": false
      }
    ],
    "isTemplate": false,
    "count": 0
  },
  {
    "id": "1e54568d-b5d8-4211-b3e2-4d39e53ed855",
    "data": [
      {
        "text": "Red",
        "alias": "colors",
        "meta": "@colors",
        "userDefined": true
      },
      {
        "text": " and ",
        "userDefined": false
      },
      {
        "text": "orange",
        "alias": "colors",
        "meta": "@colors",
        "userDefined": true
      }
    ],
    "isTemplate": false,
    "count": 0
  }
]