[
  {
    "id": "3a613655-6ebc-4d9a-afff-2d38557884a6",
    "data": [
      {
        "text": "Christmas",
        "alias": "holiday",
        "meta": "@holiday",
        "userDefined": false
      }
    ],
    "isTemplate": false,
    "count": 0
  },
  {
    "id": "186d5410-0b3e-4d8b-afbb-16855c336ce3",
    "data": [
      {
        "text": "My favorite ",
        "userDefined": false
      },
      {
        "text": "holiday",
        "meta": "@sys.ignore",
        "userDefined": false
      },
      {
        "text": " is ",
        "userDefined": false
      },
      {
        "text": "Halloween",
        "alias": "holiday",
        "meta": "@holiday",
        "userDefined": false
      }
    ],
    "isTemplate": false,
    "count": 0
  }
]