[
  {
    "id": "3dbb2850-4190-4a53-ae22-b3d1831f5bd2",
    "data": [
      {
        "text": "Green",
        "alias": "colors",
        "meta": "@colors",
        "userDefined": true
      }
    ],
    "isTemplate": false,
    "count": 0
  },
  {
    "id": "2880a903-d699-44ac-b10b-4d7e0f543a28",
    "data": [
      {
        "text": "My favorite color is ",
        "userDefined": false
      },
      {
        "text": "copper",
        "alias": "colors",
        "meta": "@colors",
        "userDefined": true
      },
      {
        "text": ".",
        "userDefined": false
      }
    ],
    "isTemplate": false,
    "count": 0
  },
  {
    "id": "1d1cd894-da16-4af1-b3cd-81694df60cd6",
    "data": [
      {
        "text": "Black",
        "alias": "colors",
        "meta": "@colors",
        "userDefined": true
      }
    ],
    "isTemplate": false,
    "count": 0
  },
  {
    "id": "2e3e4e91-4a7e-45d2-bdff-f6c8d809bb26",
    "data": [
      {
        "text": "White",
        "alias": "colors",
        "meta": "@colors",
        "userDefined": true
      }
    ],
    "isTemplate": false,
    "count": 0
  },
  {
    "id": "53817277-a096-44f7-9c69-5d8d47aaa280",
    "data": [
      {
        "text": "Silver",
        "alias": "colors",
        "meta": "@colors",
        "userDefined": true
      }
    ],
    "isTemplate": false,
    "count": 0
  },
  {
    "id": "1c5b26c7-4a3c-4945-8241-3c26e28901d8",
    "data": [
      {
        "text": "Gold",
        "alias": "colors",
        "meta": "@colors",
        "userDefined": true
      }
    ],
    "isTemplate": false,
    "count": 0
  },
  {
    "id": "d8a470f5-20f7-499e-9fbb-a50653320946",
    "data": [
      {
        "text": "Orange",
        "alias": "colors",
        "meta": "@colors",
        "userDefined": true
      }
    ],
    "isTemplate": false,
    "count": 0
  },
  {
    "id": "42d9dd89-57fe-485a-a05f-371b13c0cb46",
    "data": [
      {
        "text": "Red",
        "alias": "colors",
        "meta": "@colors",
        "userDefined": true
      }
    ],
    "isTemplate": false,
    "count": 0
  },
  {
    "id": "e800d0b8-b30a-4df9-bdf3-c84a21e2b0f7",
    "data": [
      {
        "text": "Pink",
        "alias": "colors",
        "meta": "@colors",
        "userDefined": true
      }
    ],
    "isTemplate": false,
    "count": 0
  },
  {
    "id": "c1f18b01-76cf-4851-8d50-5bd77a307b56",
    "data": [
      {
        "text": "Purple",
        "alias": "colors",
        "meta": "@colors",
        "userDefined": true
      }
    ],
    "isTemplate": false,
    "count": 0
  },
  {
    "id": "9e611d72-8a67-45af-ae7f-28573b11872a",
    "data": [
      {
        "text": "Blue",
        "userDefined": false
      }
    ],
    "isTemplate": false,
    "count": 0
  }
]