[
  {
    "id": "2cc29377-0f92-44f5-b019-ef2e315cfc49",
    "data": [
      {
        "text": "What\u0027s your favorite holiday?",
        "userDefined": false
      }
    ],
    "isTemplate": false,
    "count": 0,
    "updated": 1513346741
  },
  {
    "id": "fa0eb172-d3f7-4753-9cec-27ab81588c40",
    "data": [
      {
        "text": "What\u0027s your favorite holiday, Skymist?",
        "userDefined": false
      }
    ],
    "isTemplate": false,
    "count": 0,
    "updated": 1513346741
  }
]