[
  {
    "id": "bf1d8ec1-66f7-45b1-9aad-d0c91248e0f0",
    "data": [
      {
        "text": "Christmas",
        "alias": "holiday",
        "meta": "@holiday",
        "userDefined": false
      }
    ],
    "isTemplate": false,
    "count": 0
  },
  {
    "id": "43395d16-8862-4d8c-91c7-5596ff0ab9bf",
    "data": [
      {
        "text": "My favorite ",
        "userDefined": false
      },
      {
        "text": "holiday",
        "meta": "@sys.ignore",
        "userDefined": false
      },
      {
        "text": " is ",
        "userDefined": false
      },
      {
        "text": "Halloween",
        "alias": "holiday",
        "meta": "@holiday",
        "userDefined": false
      }
    ],
    "isTemplate": false,
    "count": 0
  }
]