[
  {
    "id": "6a1870d9-2df0-447f-a36c-b7f24f4d1833",
    "data": [
      {
        "text": "My favorite colors are ",
        "userDefined": false
      },
      {
        "text": "yellow",
        "alias": "colors",
        "meta": "@colors",
        "userDefined": true
      },
      {
        "text": " and ",
        "userDefined": false
      },
      {
        "text": "green",
        "alias": "colors",
        "meta": "@colors",
        "userDefined": true
      },
      {
        "text": ".",
        "userDefined": false
      }
    ],
    "isTemplate": false,
    "count": 0
  },
  {
    "id": "50574dcf-c42a-4097-b309-2307c8bbd17e",
    "data": [
      {
        "text": "Red",
        "alias": "colors",
        "meta": "@colors",
        "userDefined": true
      },
      {
        "text": " and ",
        "userDefined": false
      },
      {
        "text": "orange",
        "alias": "colors",
        "meta": "@colors",
        "userDefined": true
      }
    ],
    "isTemplate": false,
    "count": 0
  }
]