[
  {
    "id": "1a674233-4cd8-4000-a3a4-a761b871499c",
    "data": [
      {
        "text": "Green",
        "alias": "colors",
        "meta": "@colors",
        "userDefined": true
      }
    ],
    "isTemplate": false,
    "count": 0
  },
  {
    "id": "b999cc9b-efff-4671-b3ba-c66428fbd2bd",
    "data": [
      {
        "text": "My favorite color is ",
        "userDefined": false
      },
      {
        "text": "copper",
        "alias": "colors",
        "meta": "@colors",
        "userDefined": true
      },
      {
        "text": ".",
        "userDefined": false
      }
    ],
    "isTemplate": false,
    "count": 0
  },
  {
    "id": "d782d249-5a07-4d80-967e-09657ae2c3b4",
    "data": [
      {
        "text": "Black",
        "alias": "colors",
        "meta": "@colors",
        "userDefined": true
      }
    ],
    "isTemplate": false,
    "count": 0
  },
  {
    "id": "3fa51d30-87e3-4250-a9b6-29ddc8cd303d",
    "data": [
      {
        "text": "White",
        "alias": "colors",
        "meta": "@colors",
        "userDefined": true
      }
    ],
    "isTemplate": false,
    "count": 0
  },
  {
    "id": "9113122d-4a89-4d8f-8aef-caf0cff0b8da",
    "data": [
      {
        "text": "Silver",
        "alias": "colors",
        "meta": "@colors",
        "userDefined": true
      }
    ],
    "isTemplate": false,
    "count": 0
  },
  {
    "id": "65ba23f8-85fc-47c4-8636-f3e512b64a8e",
    "data": [
      {
        "text": "Gold",
        "alias": "colors",
        "meta": "@colors",
        "userDefined": true
      }
    ],
    "isTemplate": false,
    "count": 0
  },
  {
    "id": "e4bdcf6f-3ea5-4792-ba64-5e8cfa067a0c",
    "data": [
      {
        "text": "Orange",
        "alias": "colors",
        "meta": "@colors",
        "userDefined": true
      }
    ],
    "isTemplate": false,
    "count": 0
  },
  {
    "id": "8dcc843a-642b-4723-b1d7-09979a5825b0",
    "data": [
      {
        "text": "Red",
        "alias": "colors",
        "meta": "@colors",
        "userDefined": true
      }
    ],
    "isTemplate": false,
    "count": 0
  },
  {
    "id": "7b716fe5-acd3-4f3d-b706-c423a5a21ee1",
    "data": [
      {
        "text": "Pink",
        "alias": "colors",
        "meta": "@colors",
        "userDefined": true
      }
    ],
    "isTemplate": false,
    "count": 0
  },
  {
    "id": "9d19c47d-c602-4591-9d80-c3dcb02209bc",
    "data": [
      {
        "text": "Purple",
        "alias": "colors",
        "meta": "@colors",
        "userDefined": true
      }
    ],
    "isTemplate": false,
    "count": 0
  },
  {
    "id": "3f3f4546-e93b-499b-9412-8d961a091250",
    "data": [
      {
        "text": "Blue",
        "userDefined": false
      }
    ],
    "isTemplate": false,
    "count": 0
  }
]