[
  {
    "id": "897a56ac-95de-4bd6-9361-1c7fc1326892",
    "data": [
      {
        "text": "Hailey",
        "alias": "given-name",
        "meta": "@sys.given-name",
        "userDefined": false
      }
    ],
    "isTemplate": false,
    "count": 0,
    "updated": 0
  },
  {
    "id": "91e448b1-91ac-4719-a7f2-20583c565f49",
    "data": [
      {
        "text": "AJ",
        "alias": "given-name",
        "meta": "@sys.given-name",
        "userDefined": true
      }
    ],
    "isTemplate": false,
    "count": 0
  },
  {
    "id": "c42b02e6-86c0-4fe4-8510-af391deff4f2",
    "data": [
      {
        "text": "My name is ",
        "userDefined": false
      },
      {
        "text": "Kimberly",
        "alias": "given-name",
        "meta": "@sys.given-name",
        "userDefined": true
      }
    ],
    "isTemplate": false,
    "count": 0,
    "updated": 1513362802
  },
  {
    "id": "238f8136-19d2-40cd-bd02-74db5f944184",
    "data": [
      {
        "text": "Hello, Skymist. My name is ",
        "userDefined": false
      },
      {
        "text": "Kimberly.",
        "alias": "given-name",
        "meta": "@sys.given-name",
        "userDefined": true
      }
    ],
    "isTemplate": false,
    "count": 0,
    "updated": 1513362802
  },
  {
    "id": "cda4eed2-ace6-42f1-b3e4-94b74c31bf52",
    "data": [
      {
        "text": "Hello",
        "meta": "@sys.ignore",
        "userDefined": false
      },
      {
        "text": ", I\u0027m ",
        "userDefined": false
      },
      {
        "text": "Kimberly",
        "alias": "given-name",
        "meta": "@sys.given-name",
        "userDefined": false
      }
    ],
    "isTemplate": false,
    "count": 1,
    "updated": 1513362802
  },
  {
    "id": "89d9fc09-a4a2-454b-9eb7-8f73743d2213",
    "data": [
      {
        "text": "Hi, my names ",
        "userDefined": false
      },
      {
        "text": "Kimberly",
        "alias": "given-name",
        "meta": "@sys.given-name",
        "userDefined": true
      }
    ],
    "isTemplate": false,
    "count": 0,
    "updated": 1513362802
  },
  {
    "id": "243e13bc-9884-4aef-8238-2823722dbb24",
    "data": [
      {
        "text": "This is ",
        "userDefined": false
      },
      {
        "text": "Kimberly",
        "alias": "given-name",
        "meta": "@sys.given-name",
        "userDefined": false
      },
      {
        "text": ", nice to meet you Skymist.",
        "userDefined": false
      }
    ],
    "isTemplate": false,
    "count": 1,
    "updated": 1513362802
  },
  {
    "id": "209a34e7-03b0-4025-b1d3-fe400ae3d6e8",
    "data": [
      {
        "text": "Kimberly",
        "alias": "given-name",
        "meta": "@sys.given-name",
        "userDefined": false
      }
    ],
    "isTemplate": false,
    "count": 0,
    "updated": 1513362802
  },
  {
    "id": "b1218800-8ef9-487e-a779-dc002cb4e977",
    "data": [
      {
        "text": "Hi, my name is ",
        "userDefined": false
      },
      {
        "text": "Kimberly",
        "alias": "given-name",
        "meta": "@sys.given-name",
        "userDefined": true
      }
    ],
    "isTemplate": false,
    "count": 0,
    "updated": 1513362802
  },
  {
    "id": "f485d948-cd66-4be9-beb8-8e2212a7c05f",
    "data": [
      {
        "text": "Hello, Skymist, my name is ",
        "userDefined": false
      },
      {
        "text": "Kimberly",
        "alias": "given-name",
        "meta": "@sys.given-name",
        "userDefined": true
      },
      {
        "text": ".",
        "userDefined": false
      }
    ],
    "isTemplate": false,
    "count": 0,
    "updated": 1513362802
  }
]