[
  {
    "id": "88c77aa0-819c-4e50-ad95-9fd6d2242ced",
    "data": [
      {
        "text": "My name is ",
        "userDefined": false
      },
      {
        "text": "Kimberly",
        "alias": "given-name",
        "meta": "@sys.given-name",
        "userDefined": true
      }
    ],
    "isTemplate": false,
    "count": 0,
    "updated": 1513362802
  },
  {
    "id": "c4af197b-d5a5-4826-80f1-5bf2702ac425",
    "data": [
      {
        "text": "Hello, Skymist. My name is ",
        "userDefined": false
      },
      {
        "text": "Kimberly.",
        "alias": "given-name",
        "meta": "@sys.given-name",
        "userDefined": true
      }
    ],
    "isTemplate": false,
    "count": 0,
    "updated": 1513362802
  },
  {
    "id": "f44fcb23-d16a-4277-8759-bd576bb5071b",
    "data": [
      {
        "text": "Hello",
        "meta": "@sys.ignore",
        "userDefined": false
      },
      {
        "text": ", I\u0027m ",
        "userDefined": false
      },
      {
        "text": "Kimberly",
        "alias": "given-name",
        "meta": "@sys.given-name",
        "userDefined": false
      }
    ],
    "isTemplate": false,
    "count": 1,
    "updated": 1513362802
  },
  {
    "id": "36afbdea-993c-4cab-ae3b-8ac74007e06f",
    "data": [
      {
        "text": "Hi, my names ",
        "userDefined": false
      },
      {
        "text": "Kimberly",
        "alias": "given-name",
        "meta": "@sys.given-name",
        "userDefined": true
      }
    ],
    "isTemplate": false,
    "count": 0,
    "updated": 1513362802
  },
  {
    "id": "9461d9e2-3388-4c3f-a15c-17f44aba862a",
    "data": [
      {
        "text": "This is ",
        "userDefined": false
      },
      {
        "text": "Kimberly",
        "alias": "given-name",
        "meta": "@sys.given-name",
        "userDefined": false
      },
      {
        "text": ", nice to meet you Skymist.",
        "userDefined": false
      }
    ],
    "isTemplate": false,
    "count": 1,
    "updated": 1513362802
  },
  {
    "id": "2cdbd7d5-808b-41e4-9245-4e0e16bb390e",
    "data": [
      {
        "text": "Kimberly",
        "alias": "given-name",
        "meta": "@sys.given-name",
        "userDefined": false
      }
    ],
    "isTemplate": false,
    "count": 0,
    "updated": 1513362802
  },
  {
    "id": "1827b6d2-06bf-4f43-8625-4e62d8f1c04f",
    "data": [
      {
        "text": "Hi, my name is ",
        "userDefined": false
      },
      {
        "text": "Kimberly",
        "alias": "given-name",
        "meta": "@sys.given-name",
        "userDefined": true
      }
    ],
    "isTemplate": false,
    "count": 0,
    "updated": 1513362802
  },
  {
    "id": "20366149-f952-451e-93b8-ce0c1e88ec77",
    "data": [
      {
        "text": "Hello, Skymist, my name is ",
        "userDefined": false
      },
      {
        "text": "Kimberly",
        "alias": "given-name",
        "meta": "@sys.given-name",
        "userDefined": true
      },
      {
        "text": ".",
        "userDefined": false
      }
    ],
    "isTemplate": false,
    "count": 0,
    "updated": 1513362802
  }
]