[
  {
    "id": "2ddbb3f4-c5fd-4441-ae99-ce1eb6869097",
    "data": [
      {
        "text": "For real?",
        "userDefined": false
      }
    ],
    "isTemplate": false,
    "count": 0
  },
  {
    "id": "70413564-4014-4f83-a95c-511b3e0f78be",
    "data": [
      {
        "text": "Are you for real?",
        "userDefined": false
      }
    ],
    "isTemplate": false,
    "count": 0
  },
  {
    "id": "6f2fdc7d-fb70-4a27-a4e5-66b7245bbe3f",
    "data": [
      {
        "text": "I do?",
        "userDefined": false
      }
    ],
    "isTemplate": false,
    "count": 0
  },
  {
    "id": "6b0c2882-152f-40b5-800b-713f9b60884c",
    "data": [
      {
        "text": "Really?",
        "userDefined": false
      }
    ],
    "isTemplate": false,
    "count": 0
  }
]