[
  {
    "id": "26726f7f-58ba-40f3-906f-2c866cb63131",
    "data": [
      {
        "text": "For real?",
        "userDefined": false
      }
    ],
    "isTemplate": false,
    "count": 0
  },
  {
    "id": "c7aaa13d-a3be-479a-b87b-648c3ccdfb0d",
    "data": [
      {
        "text": "I do?",
        "userDefined": false
      }
    ],
    "isTemplate": false,
    "count": 0
  },
  {
    "id": "5c104314-23c9-476f-94fa-84424a699112",
    "data": [
      {
        "text": "Really?",
        "userDefined": false
      }
    ],
    "isTemplate": false,
    "count": 0
  },
  {
    "id": "d10545d8-20fe-4567-99a2-9ccf0b56fb63",
    "data": [
      {
        "text": "Are you kidding?",
        "userDefined": false
      }
    ],
    "isTemplate": false,
    "count": 0
  }
]