[
  {
    "id": "cdb5d174-12a7-4ebe-a48e-a3b976d3a972",
    "data": [
      {
        "text": "Good evening",
        "userDefined": false
      }
    ],
    "isTemplate": false,
    "count": 0,
    "updated": 1516111100
  },
  {
    "id": "8cb8cef4-2aca-4913-bbd8-741eda61fa11",
    "data": [
      {
        "text": "Evening, ",
        "userDefined": false
      },
      {
        "text": "Skymist",
        "alias": "agent-name",
        "meta": "@agent-name",
        "userDefined": false
      }
    ],
    "isTemplate": false,
    "count": 0,
    "updated": 1516111100
  }
]