[
  {
    "id": "ec237623-d8d3-4317-8674-7eacbbef93fa",
    "data": [
      {
        "text": "Hey, Skymist",
        "userDefined": false
      }
    ],
    "isTemplate": false,
    "count": 0
  },
  {
    "id": "170723db-27c4-493c-814a-f0bf06221a08",
    "data": [
      {
        "text": "What\u0027s crackin, Skymist?",
        "userDefined": false
      }
    ],
    "isTemplate": false,
    "count": 0
  },
  {
    "id": "c7852770-32da-47d5-820e-2f363c13f567",
    "data": [
      {
        "text": "Hello, Skymist",
        "userDefined": false
      }
    ],
    "isTemplate": false,
    "count": 0,
    "updated": 0
  },
  {
    "id": "861d8ef9-f853-4f11-b802-2aafedd8f988",
    "data": [
      {
        "text": "Hi, Skymist",
        "userDefined": false
      }
    ],
    "isTemplate": false,
    "count": 0,
    "updated": 0
  }
]