[
  {
    "id": "33a28588-762b-4594-bedd-e1ef7d8473b5",
    "data": [
      {
        "text": "Hey, Skymist",
        "userDefined": false
      }
    ],
    "isTemplate": false,
    "count": 0
  },
  {
    "id": "bfd33f69-3668-484e-bfc3-b429cda47092",
    "data": [
      {
        "text": "What\u0027s crackin, Skymist?",
        "userDefined": false
      }
    ],
    "isTemplate": false,
    "count": 0
  },
  {
    "id": "58a8cb6f-e1a3-4f10-9f2b-1cb0befa8169",
    "data": [
      {
        "text": "Hello, Skymist",
        "userDefined": false
      }
    ],
    "isTemplate": false,
    "count": 0,
    "updated": 0
  },
  {
    "id": "d445cc71-9553-4014-aba8-c2f6eae780de",
    "data": [
      {
        "text": "Hi, Skymist",
        "userDefined": false
      }
    ],
    "isTemplate": false,
    "count": 0,
    "updated": 0
  }
]