[
  {
    "id": "c33b8b0b-0b84-498b-ba9a-b2e274b30ae3",
    "data": [
      {
        "text": "One",
        "meta": "@sys.ignore",
        "userDefined": false
      },
      {
        "text": " ",
        "userDefined": false
      },
      {
        "text": "minute",
        "alias": "unit-time",
        "meta": "@unit-time",
        "userDefined": false
      }
    ],
    "isTemplate": false,
    "count": 0,
    "updated": 1516110046
  },
  {
    "id": "0e908625-5ef2-4654-a510-012b5757b06c",
    "data": [
      {
        "text": "Gimme a ",
        "userDefined": false
      },
      {
        "text": "sec",
        "alias": "unit-time",
        "meta": "@unit-time",
        "userDefined": true
      }
    ],
    "isTemplate": false,
    "count": 0,
    "updated": 1516110046
  },
  {
    "id": "4338d30c-cd29-4074-af86-ee99ef872d2d",
    "data": [
      {
        "text": "Hold ",
        "userDefined": false
      },
      {
        "text": "up",
        "meta": "@sys.ignore",
        "userDefined": false
      }
    ],
    "isTemplate": false,
    "count": 0,
    "updated": 1516110046
  },
  {
    "id": "a01eb8a1-0c4f-409e-bbed-323a5a1cc179",
    "data": [
      {
        "text": "Hold on",
        "userDefined": false
      }
    ],
    "isTemplate": false,
    "count": 0,
    "updated": 1516110046
  }
]