[
  {
    "id": "16f93ab5-e500-4078-ab99-64a0a5dc4b35",
    "data": [
      {
        "text": "How were you made?",
        "userDefined": false
      }
    ],
    "isTemplate": false,
    "count": 0,
    "updated": 1513182877
  },
  {
    "id": "1de27ab6-1493-4816-8efb-f66c4ad0d4ca",
    "data": [
      {
        "text": "What programming language are you written in?",
        "userDefined": false
      }
    ],
    "isTemplate": false,
    "count": 0,
    "updated": 1513182877
  },
  {
    "id": "9fb56c17-17ab-4720-9bf1-ebbad740c3c6",
    "data": [
      {
        "text": "How were you built?",
        "userDefined": false
      }
    ],
    "isTemplate": false,
    "count": 0,
    "updated": 1513182877
  },
  {
    "id": "73e33e6f-de67-43c9-a1b4-09516bcc0a0e",
    "data": [
      {
        "text": "How were your created?",
        "userDefined": false
      }
    ],
    "isTemplate": false,
    "count": 0,
    "updated": 1513182877
  }
]