[
  {
    "id": "94a5f24b-96a7-4c1e-9db4-7630f488be2e",
    "data": [
      {
        "text": "How were you made?",
        "userDefined": false
      }
    ],
    "isTemplate": false,
    "count": 0,
    "updated": 1513182877
  },
  {
    "id": "9a12ab38-d293-46dc-b1fe-7d7b57d11685",
    "data": [
      {
        "text": "What programming language are you written in?",
        "userDefined": false
      }
    ],
    "isTemplate": false,
    "count": 0,
    "updated": 1513182877
  },
  {
    "id": "87c7e2bf-5b00-4cfa-a606-b707d4c87d6e",
    "data": [
      {
        "text": "How were you built?",
        "userDefined": false
      }
    ],
    "isTemplate": false,
    "count": 0,
    "updated": 1513182877
  },
  {
    "id": "f8146851-8caa-432f-8eb5-75b6fb89ac6f",
    "data": [
      {
        "text": "How were your created?",
        "userDefined": false
      }
    ],
    "isTemplate": false,
    "count": 0,
    "updated": 1513182877
  }
]