[
  {
    "id": "a0f44a13-94cf-4ffa-86ac-286c34536844",
    "data": [
      {
        "text": "This is ",
        "userDefined": false
      },
      {
        "text": "Kimberly",
        "alias": "given-name",
        "meta": "@sys.given-name",
        "userDefined": true
      }
    ],
    "isTemplate": false,
    "count": 0
  },
  {
    "id": "89b21d16-e45b-4f42-b045-c46f15e6324b",
    "data": [
      {
        "text": "It\u0027s ",
        "userDefined": false
      },
      {
        "text": "AJ",
        "alias": "given-name",
        "meta": "@sys.given-name",
        "userDefined": true
      }
    ],
    "isTemplate": false,
    "count": 0
  },
  {
    "id": "c342d05b-6276-4ef5-961b-10703374d7ac",
    "data": [
      {
        "text": "Kimberly",
        "alias": "given-name",
        "meta": "@sys.given-name",
        "userDefined": true
      }
    ],
    "isTemplate": false,
    "count": 0
  }
]