[
  {
    "id": "c392cfc3-2bce-41da-9d3d-e307be9b72b5",
    "data": [
      {
        "text": "Hello, ",
        "userDefined": false
      },
      {
        "text": "Skymist",
        "alias": "agent-name",
        "meta": "@agent-name",
        "userDefined": true
      },
      {
        "text": ". It seems your integration was successful, is everything functioning properly?",
        "userDefined": false
      }
    ],
    "isTemplate": false,
    "count": 0,
    "updated": 1515697209
  }
]