[
  {
    "id": "f742efa4-47d6-47ce-8e3f-f2d5008b0c35",
    "data": [
      {
        "text": "Say hello to ",
        "userDefined": false
      },
      {
        "text": "Kimberly",
        "alias": "given-name",
        "meta": "@sys.given-name",
        "userDefined": true
      }
    ],
    "isTemplate": false,
    "count": 0
  },
  {
    "id": "f7d1dd63-523b-4f2c-a445-5cdc92a9986f",
    "data": [
      {
        "text": "This is ",
        "userDefined": false
      },
      {
        "text": "Kimberly",
        "alias": "given-name",
        "meta": "@sys.given-name",
        "userDefined": true
      },
      {
        "text": ". Say hello.",
        "userDefined": false
      }
    ],
    "isTemplate": false,
    "count": 0
  }
]