[
  {
    "id": "20986d08-309e-4ea0-9851-2288ef4b30a3",
    "data": [
      {
        "text": "Say hi to ",
        "userDefined": false
      },
      {
        "text": "Kimberly",
        "alias": "given-name",
        "meta": "@sys.given-name",
        "userDefined": true
      }
    ],
    "isTemplate": false,
    "count": 0
  },
  {
    "id": "eb00df6e-8309-496a-9824-e81252c16a93",
    "data": [
      {
        "text": "This is ",
        "userDefined": false
      },
      {
        "text": "Kimberly",
        "alias": "given-name",
        "meta": "@sys.given-name",
        "userDefined": true
      },
      {
        "text": ". Say hi.",
        "userDefined": false
      }
    ],
    "isTemplate": false,
    "count": 0
  },
  {
    "id": "e68c59bf-09da-40eb-8bbf-5ecd8a2e5ecb",
    "data": [
      {
        "text": "Skymist, say hi to ",
        "userDefined": false
      },
      {
        "text": "Kimberly",
        "alias": "given-name",
        "meta": "@sys.given-name",
        "userDefined": true
      },
      {
        "text": ".",
        "userDefined": false
      }
    ],
    "isTemplate": false,
    "count": 0
  }
]