[
  {
    "id": "abcc93fa-cb69-442b-bd4d-b4687e3f430a",
    "data": [
      {
        "text": "Say hi to ",
        "userDefined": false
      },
      {
        "text": "Kimberly",
        "alias": "given-name",
        "meta": "@sys.given-name",
        "userDefined": true
      }
    ],
    "isTemplate": false,
    "count": 0
  },
  {
    "id": "eb84c252-da01-4607-affb-b065cfc33799",
    "data": [
      {
        "text": "This is ",
        "userDefined": false
      },
      {
        "text": "Kimberly",
        "alias": "given-name",
        "meta": "@sys.given-name",
        "userDefined": true
      },
      {
        "text": ". Say hi.",
        "userDefined": false
      }
    ],
    "isTemplate": false,
    "count": 0
  },
  {
    "id": "223906aa-9497-48f0-ac97-dc686045215f",
    "data": [
      {
        "text": "Skymist, say hi to ",
        "userDefined": false
      },
      {
        "text": "Kimberly",
        "alias": "given-name",
        "meta": "@sys.given-name",
        "userDefined": true
      },
      {
        "text": ".",
        "userDefined": false
      }
    ],
    "isTemplate": false,
    "count": 0
  }
]