[
  {
    "id": "67beb94f-72cc-4e2b-8fc0-80d54cc463a1",
    "data": [
      {
        "text": "Say hello to ",
        "userDefined": false
      },
      {
        "text": "Kimberly",
        "alias": "given-name",
        "meta": "@sys.given-name",
        "userDefined": true
      }
    ],
    "isTemplate": false,
    "count": 0
  },
  {
    "id": "f037e665-abc9-4c73-900e-fbeb25bf26dc",
    "data": [
      {
        "text": "This is ",
        "userDefined": false
      },
      {
        "text": "Kimberly",
        "alias": "given-name",
        "meta": "@sys.given-name",
        "userDefined": true
      },
      {
        "text": ". Say hello.",
        "userDefined": false
      }
    ],
    "isTemplate": false,
    "count": 0
  }
]