[
  {
    "id": "383a3cd7-9690-44a3-a77e-46c73760e972",
    "data": [
      {
        "text": "Hey, Skymist,tell another joke",
        "userDefined": false
      }
    ],
    "isTemplate": false,
    "count": 0
  },
  {
    "id": "b106f0c0-6266-4532-8042-c6bfdc53877f",
    "data": [
      {
        "text": "Got any more jokes, Skymist?",
        "userDefined": false
      }
    ],
    "isTemplate": false,
    "count": 0
  },
  {
    "id": "412a7ab3-133e-47ef-a20a-907da7f8c577",
    "data": [
      {
        "text": "go for it",
        "userDefined": false
      }
    ],
    "isTemplate": false,
    "count": 0
  }
]