[
  {
    "id": "8c911a21-a12d-4462-9e48-faca7e40625f",
    "data": [
      {
        "text": "Hey, Skymist,tell another joke",
        "userDefined": false
      }
    ],
    "isTemplate": false,
    "count": 0
  },
  {
    "id": "de6ee111-7ea5-40a5-bbbf-127c80bc789a",
    "data": [
      {
        "text": "Got any more jokes, Skymist?",
        "userDefined": false
      }
    ],
    "isTemplate": false,
    "count": 0
  },
  {
    "id": "b29339e1-fc52-4d33-9181-510c746c06a4",
    "data": [
      {
        "text": "go for it",
        "userDefined": false
      }
    ],
    "isTemplate": false,
    "count": 0
  }
]