[
  {
    "id": "3739b7f9-af58-4535-8ce8-ace5de554a3e",
    "data": [
      {
        "text": "yes",
        "userDefined": false
      }
    ],
    "isTemplate": false,
    "count": 0
  },
  {
    "id": "3d3ef57a-6aed-4f18-a950-3201105aabae",
    "data": [
      {
        "text": "What do you want to talk about now?",
        "userDefined": false
      }
    ],
    "isTemplate": false,
    "count": 0
  },
  {
    "id": "ef9032c9-f781-4455-b54b-66a43b801013",
    "data": [
      {
        "text": "I\u0027m bored",
        "userDefined": false
      }
    ],
    "isTemplate": false,
    "count": 0
  },
  {
    "id": "cdddf240-c3d3-4087-9d2f-081e3cde9e4b",
    "data": [
      {
        "text": "why not",
        "userDefined": false
      }
    ],
    "isTemplate": false,
    "count": 0,
    "updated": 0
  },
  {
    "id": "28e19268-49e9-4126-b831-437a6c9c3675",
    "data": [
      {
        "text": "say something funny",
        "userDefined": false
      }
    ],
    "isTemplate": false,
    "count": 0
  },
  {
    "id": "6814b11f-8cec-40ab-8313-d7583833f65f",
    "data": [
      {
        "text": "Sure, why not?",
        "userDefined": false
      }
    ],
    "isTemplate": false,
    "count": 0
  },
  {
    "id": "460bbf22-e488-4f2d-8652-cadd433f0735",
    "data": [
      {
        "text": "tell me a joke",
        "userDefined": false
      }
    ],
    "isTemplate": false,
    "count": 0
  },
  {
    "id": "4b7e55d2-e88a-4399-a9d4-0b58d4826a9a",
    "data": [
      {
        "text": "alright",
        "userDefined": false
      }
    ],
    "isTemplate": false,
    "count": 0
  },
  {
    "id": "283cbf9d-729b-4b01-aa6c-607c562c1f5d",
    "data": [
      {
        "text": "yeah",
        "userDefined": false
      }
    ],
    "isTemplate": false,
    "count": 0
  },
  {
    "id": "0184d158-d828-4d00-91bb-2cca7faa74e9",
    "data": [
      {
        "text": "sure",
        "userDefined": false
      }
    ],
    "isTemplate": false,
    "count": 0
  },
  {
    "id": "aef13437-edc2-42c5-bde7-5c2bda32881b",
    "data": [
      {
        "text": "tell",
        "meta": "@sys.ignore",
        "userDefined": false
      },
      {
        "text": " ",
        "userDefined": false
      },
      {
        "text": "me",
        "meta": "@sys.ignore",
        "userDefined": false
      },
      {
        "text": " another one",
        "userDefined": false
      }
    ],
    "isTemplate": false,
    "count": 0,
    "updated": 0
  },
  {
    "id": "5747786a-341c-4295-8cc4-7c188433a1a8",
    "data": [
      {
        "text": "tell",
        "meta": "@sys.ignore",
        "userDefined": false
      },
      {
        "text": " ",
        "userDefined": false
      },
      {
        "text": "me",
        "meta": "@sys.ignore",
        "userDefined": false
      },
      {
        "text": " a another one please",
        "userDefined": false
      }
    ],
    "isTemplate": false,
    "count": 0,
    "updated": 0
  }
]