[
  {
    "id": "240b77a2-9f55-4e8a-999d-32a323a2a7dd",
    "data": [
      {
        "text": "Thank you",
        "userDefined": false
      }
    ],
    "isTemplate": false,
    "count": 0
  },
  {
    "id": "8b88cadc-a9d0-420d-a5d9-52f1e112b1fd",
    "data": [
      {
        "text": "Thanks for asking",
        "userDefined": false
      }
    ],
    "isTemplate": false,
    "count": 0
  },
  {
    "id": "350967ac-10aa-4998-b6e2-87b21e438db3",
    "data": [
      {
        "text": "Thanks",
        "userDefined": false
      }
    ],
    "isTemplate": false,
    "count": 0,
    "updated": 1513095606
  }
]