[
  {
    "id": "29a5d477-fbc4-4a8a-873d-74349901280d",
    "data": [
      {
        "text": "Great job, Skymist. I\u0027m very proud of you.",
        "userDefined": false
      }
    ],
    "isTemplate": false,
    "count": 0,
    "updated": 1513172997
  },
  {
    "id": "744e61ca-fdc2-4e45-bf58-972adb8e3f23",
    "data": [
      {
        "text": "Great",
        "meta": "@sys.ignore",
        "userDefined": false
      },
      {
        "text": " work",
        "userDefined": false
      }
    ],
    "isTemplate": false,
    "count": 0
  },
  {
    "id": "a65e4639-883e-4ca2-8bf1-c2d69cbe0e4e",
    "data": [
      {
        "text": "Good",
        "meta": "@sys.ignore",
        "userDefined": false
      },
      {
        "text": " job",
        "userDefined": false
      }
    ],
    "isTemplate": false,
    "count": 0
  },
  {
    "id": "2028f303-1076-45ee-bfd7-b7f8635bb7aa",
    "data": [
      {
        "text": "Good work, Skymist.",
        "userDefined": false
      }
    ],
    "isTemplate": false,
    "count": 0,
    "updated": 1513172997
  }
]