[
  {
    "id": "aa9b624f-5cfb-482a-9592-972c3816e1ea",
    "data": [
      {
        "text": "omg i am so proud of you Skymist",
        "userDefined": false
      }
    ],
    "isTemplate": false,
    "count": 0,
    "updated": 0
  },
  {
    "id": "f2210604-fef7-4110-8f36-e3c5554f191a",
    "data": [
      {
        "text": "omg i am so proud of you ",
        "userDefined": false
      },
      {
        "text": "Skymist",
        "alias": "agent-name",
        "meta": "@agent-name",
        "userDefined": false
      }
    ],
    "isTemplate": false,
    "count": 0,
    "updated": 0
  },
  {
    "id": "2c6b9e31-544d-4695-bb08-890e63ff1ef1",
    "data": [
      {
        "text": "Great job, ",
        "userDefined": false
      },
      {
        "text": "Skymist",
        "alias": "agent-name",
        "meta": "@agent-name",
        "userDefined": true
      },
      {
        "text": ". I\u0027m very proud of you.",
        "userDefined": false
      }
    ],
    "isTemplate": false,
    "count": 0,
    "updated": 1513172997
  },
  {
    "id": "5ed52dd7-c62c-4a75-b87a-2f99ee593a33",
    "data": [
      {
        "text": "Good",
        "meta": "@sys.ignore",
        "userDefined": false
      },
      {
        "text": " work",
        "userDefined": false
      }
    ],
    "isTemplate": false,
    "count": 0
  },
  {
    "id": "e8a2f001-9ec1-42e1-80a1-61cd1d109da2",
    "data": [
      {
        "text": "Excellent, ",
        "userDefined": false
      },
      {
        "text": "Skymist",
        "alias": "agent-name",
        "meta": "@agent-name",
        "userDefined": false
      }
    ],
    "isTemplate": false,
    "count": 0
  },
  {
    "id": "c168c27b-2271-4227-bda3-2f905ebd0ae6",
    "data": [
      {
        "text": "Great",
        "meta": "@sys.ignore",
        "userDefined": false
      },
      {
        "text": " work",
        "userDefined": false
      }
    ],
    "isTemplate": false,
    "count": 0
  },
  {
    "id": "b9668c9e-43ed-4ade-a1eb-e68a9f741cbd",
    "data": [
      {
        "text": "Good",
        "meta": "@sys.ignore",
        "userDefined": false
      },
      {
        "text": " job",
        "userDefined": false
      }
    ],
    "isTemplate": false,
    "count": 0
  },
  {
    "id": "76e9e55d-3155-43f3-a0cc-3a842851809a",
    "data": [
      {
        "text": "Good work, ",
        "userDefined": false
      },
      {
        "text": "Skymist",
        "alias": "agent-name",
        "meta": "@agent-name",
        "userDefined": true
      },
      {
        "text": ".",
        "userDefined": false
      }
    ],
    "isTemplate": false,
    "count": 0,
    "updated": 1513172997
  }
]