[
  {
    "id": "d50d8b43-0637-4f26-9286-91cd1789bcd2",
    "data": [
      {
        "text": "Anytime.",
        "userDefined": false
      }
    ],
    "isTemplate": false,
    "count": 0
  },
  {
    "id": "6e5bb761-e49c-4098-a496-3448e3c55d38",
    "data": [
      {
        "text": "You\u0027re very welcome, ",
        "userDefined": false
      },
      {
        "text": "Skymist",
        "alias": "agent-name",
        "meta": "@agent-name",
        "userDefined": false
      }
    ],
    "isTemplate": false,
    "count": 0
  },
  {
    "id": "b81c1f10-1ac5-4c95-b3db-8b6f07d3f765",
    "data": [
      {
        "text": "Welcome",
        "userDefined": false
      }
    ],
    "isTemplate": false,
    "count": 0
  }
]