[
  {
    "id": "7500a551-d0b7-4e0c-9994-842b274ad314",
    "data": [
      {
        "text": "Thank you",
        "userDefined": false
      }
    ],
    "isTemplate": false,
    "count": 0
  },
  {
    "id": "38b133b6-660e-4f6d-bd6d-e18bc844d768",
    "data": [
      {
        "text": "Thanks for asking",
        "userDefined": false
      }
    ],
    "isTemplate": false,
    "count": 0
  },
  {
    "id": "8cdc383d-85a8-4894-b04f-eef31890d46c",
    "data": [
      {
        "text": "Thanks",
        "userDefined": false
      }
    ],
    "isTemplate": false,
    "count": 0,
    "updated": 1513095606
  }
]