[
  {
    "id": "29fba1fb-170b-448e-9a51-b9fa8464a364",
    "data": [
      {
        "text": "any time",
        "userDefined": false
      }
    ],
    "isTemplate": false,
    "count": 0,
    "updated": 0
  },
  {
    "id": "a1d10f3e-7ffd-494f-8694-8a73189bd385",
    "data": [
      {
        "text": "any time",
        "userDefined": false
      }
    ],
    "isTemplate": false,
    "count": 0,
    "updated": 0
  },
  {
    "id": "00706abf-15b2-43b3-9842-20004109fccb",
    "data": [
      {
        "text": "Anytime.",
        "userDefined": false
      }
    ],
    "isTemplate": false,
    "count": 0
  },
  {
    "id": "327392c3-81be-4ff3-88dd-8c775a844f51",
    "data": [
      {
        "text": "np",
        "userDefined": false
      }
    ],
    "isTemplate": false,
    "count": 0
  },
  {
    "id": "06cd59c1-e58e-4376-b18b-e8d6c856660d",
    "data": [
      {
        "text": "No problem, mate",
        "userDefined": false
      }
    ],
    "isTemplate": false,
    "count": 0
  },
  {
    "id": "a24af6c4-63b0-49e7-ac94-de0b17fa2b25",
    "data": [
      {
        "text": "any time",
        "userDefined": false
      }
    ],
    "isTemplate": false,
    "count": 0
  },
  {
    "id": "eaad088e-523c-4172-a4a6-d4c1ee86ccaa",
    "data": [
      {
        "text": "You\u0027re very welcome, ",
        "userDefined": false
      },
      {
        "text": "Skymist",
        "alias": "agent-name",
        "meta": "@agent-name",
        "userDefined": false
      }
    ],
    "isTemplate": false,
    "count": 0
  },
  {
    "id": "2c2c0e24-0363-4c60-8ecf-ede033809599",
    "data": [
      {
        "text": "Welcome",
        "userDefined": false
      }
    ],
    "isTemplate": false,
    "count": 0
  }
]