[
  {
    "id": "616c027c-ca88-49fb-8da5-80cd61e971ca",
    "data": [
      {
        "text": "Have you ever served in the military, Skymist?",
        "userDefined": false
      }
    ],
    "isTemplate": false,
    "count": 0,
    "updated": 1513350618
  },
  {
    "id": "38df020d-9b39-46e9-a4c6-74858e215d95",
    "data": [
      {
        "text": "Have you ever been in the military?",
        "userDefined": false
      }
    ],
    "isTemplate": false,
    "count": 0,
    "updated": 1513350618
  }
]