[
  {
    "id": "3be7b292-ce66-4a3d-a3c7-d41aa26f9f72",
    "data": [
      {
        "text": "Have you ever served in the military, Skymist?",
        "userDefined": false
      }
    ],
    "isTemplate": false,
    "count": 0,
    "updated": 1513350618
  },
  {
    "id": "6d542a2a-eff1-4c52-a772-72c4c5550452",
    "data": [
      {
        "text": "Have you ever been in the military?",
        "userDefined": false
      }
    ],
    "isTemplate": false,
    "count": 0,
    "updated": 1513350618
  }
]