[
  {
    "id": "2a1f0e4b-c83c-41c2-9a6d-272f8e958353",
    "data": [
      {
        "text": "Awesome",
        "userDefined": false
      }
    ],
    "isTemplate": false,
    "count": 0
  },
  {
    "id": "831166e9-6791-4aa0-acec-3a3df56c2cd1",
    "data": [
      {
        "text": "Neat",
        "userDefined": false
      }
    ],
    "isTemplate": false,
    "count": 0
  },
  {
    "id": "7694943b-443d-4580-bee6-c5fde444505b",
    "data": [
      {
        "text": "Thats pretty ",
        "userDefined": false
      },
      {
        "text": "cool",
        "meta": "@sys.ignore",
        "userDefined": false
      }
    ],
    "isTemplate": false,
    "count": 0
  }
]