[
  {
    "id": "35043d4f-81bc-4821-9bfd-04dda6a9d7dc",
    "data": [
      {
        "text": "Awesome",
        "userDefined": false
      }
    ],
    "isTemplate": false,
    "count": 0
  },
  {
    "id": "3db6b01c-7e32-4448-9cc4-2ff1b5bf9b51",
    "data": [
      {
        "text": "Neat",
        "userDefined": false
      }
    ],
    "isTemplate": false,
    "count": 0
  },
  {
    "id": "07392237-4bc4-4949-8e8c-728362c7cd8e",
    "data": [
      {
        "text": "Thats pretty ",
        "userDefined": false
      },
      {
        "text": "cool",
        "meta": "@sys.ignore",
        "userDefined": false
      }
    ],
    "isTemplate": false,
    "count": 0
  }
]