[
  {
    "id": "f8e88575-341b-4003-a10c-253dd9095b20",
    "data": [
      {
        "text": "Wow, you\u0027re really gonna try to pull this on me?",
        "userDefined": false
      }
    ],
    "isTemplate": false,
    "count": 0
  },
  {
    "id": "01e2b4d5-2a16-41a8-af3c-e609a7b9c5c5",
    "data": [
      {
        "text": "I\u0027ve heard this joke before. But nice try, ",
        "userDefined": false
      },
      {
        "text": "Skymist",
        "alias": "agent-name",
        "meta": "@agent-name",
        "userDefined": true
      },
      {
        "text": ".",
        "userDefined": false
      }
    ],
    "isTemplate": false,
    "count": 0
  },
  {
    "id": "b2e4f919-8e4c-4da8-b392-31aa66e2cbe1",
    "data": [
      {
        "text": "Nice",
        "meta": "@sys.ignore",
        "userDefined": false
      },
      {
        "text": " ",
        "userDefined": false
      },
      {
        "text": "try",
        "meta": "@sys.ignore",
        "userDefined": false
      },
      {
        "text": ", but I\u0027ve already heard this joke",
        "userDefined": false
      }
    ],
    "isTemplate": false,
    "count": 0
  }
]