[
  {
    "id": "9ab0f410-1d80-4bf1-8260-784ef58bcb52",
    "data": [
      {
        "text": "hola, me llamo es",
        "userDefined": false
      }
    ],
    "isTemplate": false,
    "count": 0,
    "updated": 1516112214
  },
  {
    "id": "20e6ca4b-48af-4198-86a2-3022543d202e",
    "data": [
      {
        "text": "hola",
        "userDefined": false
      }
    ],
    "isTemplate": false,
    "count": 0
  },
  {
    "id": "1240eee6-60aa-43bc-bc35-5c86104ae257",
    "data": [
      {
        "text": "me gusta",
        "userDefined": false
      }
    ],
    "isTemplate": false,
    "count": 0
  },
  {
    "id": "0794968f-732e-4d32-a05b-cc5564267b55",
    "data": [
      {
        "text": "espanol",
        "userDefined": false
      }
    ],
    "isTemplate": false,
    "count": 0,
    "updated": 1516112214
  },
  {
    "id": "30416211-e8a2-4e1e-89ce-f8bc2e233c83",
    "data": [
      {
        "text": "me llamo es",
        "userDefined": false
      }
    ],
    "isTemplate": false,
    "count": 0,
    "updated": 1516112214
  }
]