[
  {
    "id": "59bf4466-1512-4328-bfa8-951cfa9f99d3",
    "data": [
      {
        "text": "no thanks ",
        "userDefined": false
      },
      {
        "text": "Skymist",
        "alias": "agent-name",
        "meta": "@agent-name",
        "userDefined": false
      }
    ],
    "isTemplate": false,
    "count": 0
  },
  {
    "id": "f1cfbaff-80af-465e-94e2-2428cbbccdb8",
    "data": [
      {
        "text": "I\u0027m good",
        "userDefined": false
      }
    ],
    "isTemplate": false,
    "count": 0
  },
  {
    "id": "d19db60c-5817-4576-b307-d2189f272472",
    "data": [
      {
        "text": "not at the moment",
        "userDefined": false
      }
    ],
    "isTemplate": false,
    "count": 0
  },
  {
    "id": "5bdc5920-534f-4f3c-aed8-967563164042",
    "data": [
      {
        "text": "nothing at the moment",
        "userDefined": false
      }
    ],
    "isTemplate": false,
    "count": 0
  },
  {
    "id": "e08f6285-8a14-45f5-9104-525a8946a80a",
    "data": [
      {
        "text": "no, not really",
        "userDefined": false
      }
    ],
    "isTemplate": false,
    "count": 0
  },
  {
    "id": "e75deb41-e24d-4a26-ae06-28ba9f3fc199",
    "data": [
      {
        "text": "no I\u0027m afraid not",
        "userDefined": false
      }
    ],
    "isTemplate": false,
    "count": 0
  },
  {
    "id": "19a70cd3-0263-4e6c-a837-805c16da51b5",
    "data": [
      {
        "text": "no thanks",
        "userDefined": false
      }
    ],
    "isTemplate": false,
    "count": 0
  },
  {
    "id": "62cbe1d5-ccfc-42b9-8097-3b87e301bee1",
    "data": [
      {
        "text": "no",
        "userDefined": false
      }
    ],
    "isTemplate": false,
    "count": 0,
    "updated": 1513097643
  }
]