[
  {
    "id": "74274480-24a1-41c1-848f-f792736a6614",
    "data": [
      {
        "text": "no thanks ",
        "userDefined": false
      },
      {
        "text": "Skymist",
        "alias": "agent-name",
        "meta": "@agent-name",
        "userDefined": false
      }
    ],
    "isTemplate": false,
    "count": 0
  },
  {
    "id": "b1ffaeab-4458-4105-a499-bb585c3685ea",
    "data": [
      {
        "text": "not at the moment",
        "userDefined": false
      }
    ],
    "isTemplate": false,
    "count": 0
  },
  {
    "id": "035c990d-5681-43f6-ad98-72ec7c8fbfe0",
    "data": [
      {
        "text": "nothing at the moment",
        "userDefined": false
      }
    ],
    "isTemplate": false,
    "count": 0
  },
  {
    "id": "6d770f2e-6f14-4b0c-ad49-3210c2381a8d",
    "data": [
      {
        "text": "no, not really",
        "userDefined": false
      }
    ],
    "isTemplate": false,
    "count": 0
  },
  {
    "id": "026b926d-325a-4754-b88e-d8fd5bc23cb4",
    "data": [
      {
        "text": "no I\u0027m afraid not",
        "userDefined": false
      }
    ],
    "isTemplate": false,
    "count": 0
  },
  {
    "id": "d846482f-25bc-4f14-8ea2-39256133b0bd",
    "data": [
      {
        "text": "no thanks",
        "userDefined": false
      }
    ],
    "isTemplate": false,
    "count": 0
  },
  {
    "id": "709e5e9d-1c85-4165-b26f-f56745d8258a",
    "data": [
      {
        "text": "no",
        "userDefined": false
      }
    ],
    "isTemplate": false,
    "count": 0,
    "updated": 1513097643
  }
]