[
  {
    "id": "4bbfd118-d4c9-43e7-8a12-669b438085b0",
    "data": [
      {
        "text": "Not at the moment",
        "userDefined": false
      }
    ],
    "isTemplate": false,
    "count": 0,
    "updated": 1515781189
  },
  {
    "id": "d49be0a0-abdc-49d4-8eec-a85c7ffa356f",
    "data": [
      {
        "text": "No, not really",
        "userDefined": false
      }
    ],
    "isTemplate": false,
    "count": 0
  },
  {
    "id": "423fa256-87dd-4c9b-9e91-b9773173f89b",
    "data": [
      {
        "text": "No, not right now",
        "userDefined": false
      }
    ],
    "isTemplate": false,
    "count": 0,
    "updated": 1515781189
  },
  {
    "id": "6c1590e4-74aa-4cf2-8fd6-09ec2227fd76",
    "data": [
      {
        "text": "Nothing right now",
        "userDefined": false
      }
    ],
    "isTemplate": false,
    "count": 0,
    "updated": 1515781189
  }
]