[
  {
    "id": "1c8f0dcb-2a49-4333-b9e8-a5729a33c8d9",
    "data": [
      {
        "text": "log off",
        "userDefined": false
      }
    ],
    "isTemplate": false,
    "count": 0
  },
  {
    "id": "ab10e866-8129-4712-a542-c00463f0da45",
    "data": [
      {
        "text": "Skymist, I need you to shut down",
        "userDefined": false
      }
    ],
    "isTemplate": false,
    "count": 0
  },
  {
    "id": "0cf34bc2-d2fd-4a02-91a7-800aa414d08a",
    "data": [
      {
        "text": "sign off",
        "userDefined": false
      }
    ],
    "isTemplate": false,
    "count": 0
  },
  {
    "id": "526343ea-a7a6-49fd-b396-c819054305be",
    "data": [
      {
        "text": "dismissed",
        "userDefined": false
      }
    ],
    "isTemplate": false,
    "count": 0
  },
  {
    "id": "654e681e-0931-48a3-a435-d27fa944ed37",
    "data": [
      {
        "text": "Skymist, you\u0027re dismissed",
        "userDefined": false
      }
    ],
    "isTemplate": false,
    "count": 0
  },
  {
    "id": "5453b81f-a882-407c-8f0e-2d7ad140f5d5",
    "data": [
      {
        "text": "Skymist, go offline please",
        "userDefined": false
      }
    ],
    "isTemplate": false,
    "count": 0
  },
  {
    "id": "33b06ffc-92a1-4a76-9211-375b37450d28",
    "data": [
      {
        "text": "offline",
        "userDefined": false
      }
    ],
    "isTemplate": false,
    "count": 0,
    "updated": 1513095182
  }
]