[
  {
    "id": "75459bdc-a88f-4bf6-bd27-1836418cc63d",
    "data": [
      {
        "text": "log off",
        "userDefined": false
      }
    ],
    "isTemplate": false,
    "count": 0
  },
  {
    "id": "bd46935c-0de8-4b7c-8733-03f86b325fdd",
    "data": [
      {
        "text": "Sign off",
        "userDefined": false
      }
    ],
    "isTemplate": false,
    "count": 0
  },
  {
    "id": "dbce5d28-56d3-44bd-b45b-94cb2cc17eda",
    "data": [
      {
        "text": "dismissed",
        "userDefined": false
      }
    ],
    "isTemplate": false,
    "count": 0
  },
  {
    "id": "c9ce3d8b-781e-4954-a037-05b8e9000add",
    "data": [
      {
        "text": "Skymist, you\u0027re dismissed",
        "userDefined": false
      }
    ],
    "isTemplate": false,
    "count": 0
  },
  {
    "id": "2db15eba-0349-4692-9751-3d4103f9dbfc",
    "data": [
      {
        "text": "Skymist, go offline please",
        "userDefined": false
      }
    ],
    "isTemplate": false,
    "count": 0
  },
  {
    "id": "bf1069d2-e7a9-4947-aa2e-f49026dc4261",
    "data": [
      {
        "text": "offline",
        "userDefined": false
      }
    ],
    "isTemplate": false,
    "count": 0,
    "updated": 1513095182
  }
]