[
  {
    "id": "86ff646f-aa69-4308-8b23-b1b0efc8fbd9",
    "data": [
      {
        "text": "his fault",
        "userDefined": false
      }
    ],
    "isTemplate": false,
    "count": 0
  },
  {
    "id": "f0b2e489-6b00-4f52-9728-6b4564352ad0",
    "data": [
      {
        "text": "Skymist\u0027s fault",
        "userDefined": false
      }
    ],
    "isTemplate": false,
    "count": 0
  },
  {
    "id": "cf2dd217-b974-4234-8c68-5e8b23b60158",
    "data": [
      {
        "text": "Wasn\u0027t me. It was ",
        "userDefined": false
      },
      {
        "text": "Skymist",
        "meta": "@sys.ignore",
        "userDefined": true
      },
      {
        "text": ". Definitely. His fault.",
        "userDefined": false
      }
    ],
    "isTemplate": false,
    "count": 0
  }
]