[
  {
    "id": "f9d083f7-5732-4a39-9c2d-8b0420fee3b1",
    "data": [
      {
        "text": "his fault",
        "userDefined": false
      }
    ],
    "isTemplate": false,
    "count": 0
  },
  {
    "id": "227bc7cd-397e-4bcc-8b6e-44220ca0b967",
    "data": [
      {
        "text": "Skymist\u0027s fault",
        "userDefined": false
      }
    ],
    "isTemplate": false,
    "count": 0
  },
  {
    "id": "e9dc820f-4414-4e87-a0ab-56ec082f294a",
    "data": [
      {
        "text": "Wasn\u0027t me. It was ",
        "userDefined": false
      },
      {
        "text": "Skymist",
        "meta": "@sys.ignore",
        "userDefined": true
      },
      {
        "text": ". Definitely. His fault.",
        "userDefined": false
      }
    ],
    "isTemplate": false,
    "count": 0
  }
]