[
  {
    "id": "7c0c8a68-fba1-42b6-a301-925f5f0a73b2",
    "data": [
      {
        "text": "Hey, ",
        "userDefined": false
      },
      {
        "text": "Skymist",
        "alias": "agent-name",
        "meta": "@agent-name",
        "userDefined": true
      },
      {
        "text": ", It\u0027s ",
        "userDefined": false
      },
      {
        "text": "Kimberly",
        "alias": "given-name",
        "meta": "@sys.given-name",
        "userDefined": true
      },
      {
        "text": ".",
        "userDefined": false
      }
    ],
    "isTemplate": false,
    "count": 0
  },
  {
    "id": "54673f24-81f0-402d-b54f-53b1a84175fe",
    "data": [
      {
        "text": "Hello, Skymist, this is ",
        "userDefined": false
      },
      {
        "text": "AJ",
        "alias": "given-name",
        "meta": "@sys.given-name",
        "userDefined": true
      },
      {
        "text": ".",
        "userDefined": false
      }
    ],
    "isTemplate": false,
    "count": 0
  },
  {
    "id": "9ee80672-550e-4606-8cd9-bbb364106ff2",
    "data": [
      {
        "text": "Hi, ",
        "userDefined": false
      },
      {
        "text": "Skymist",
        "alias": "agent-name",
        "meta": "@agent-name",
        "userDefined": true
      },
      {
        "text": ". This is ",
        "userDefined": false
      },
      {
        "text": "Kimberly",
        "alias": "given-name",
        "meta": "@sys.given-name",
        "userDefined": true
      },
      {
        "text": ".",
        "userDefined": false
      }
    ],
    "isTemplate": false,
    "count": 0
  }
]