[
  {
    "id": "6764e23a-48c4-437f-b47b-16c087d43a07",
    "data": [
      {
        "text": "Hey, ",
        "userDefined": false
      },
      {
        "text": "Skymist",
        "alias": "agent-name",
        "meta": "@agent-name",
        "userDefined": true
      },
      {
        "text": ", It\u0027s ",
        "userDefined": false
      },
      {
        "text": "Kimberly",
        "alias": "given-name",
        "meta": "@sys.given-name",
        "userDefined": true
      },
      {
        "text": ".",
        "userDefined": false
      }
    ],
    "isTemplate": false,
    "count": 0
  },
  {
    "id": "1b9959c9-6592-4f1c-828e-30f247598c7c",
    "data": [
      {
        "text": "Hello, Skymist, this is ",
        "userDefined": false
      },
      {
        "text": "AJ",
        "alias": "given-name",
        "meta": "@sys.given-name",
        "userDefined": true
      },
      {
        "text": ".",
        "userDefined": false
      }
    ],
    "isTemplate": false,
    "count": 0
  },
  {
    "id": "d1b7799f-abde-4479-b548-e344af01c5c3",
    "data": [
      {
        "text": "Hi, ",
        "userDefined": false
      },
      {
        "text": "Skymist",
        "alias": "agent-name",
        "meta": "@agent-name",
        "userDefined": true
      },
      {
        "text": ". This is ",
        "userDefined": false
      },
      {
        "text": "Kimberly",
        "alias": "given-name",
        "meta": "@sys.given-name",
        "userDefined": true
      },
      {
        "text": ".",
        "userDefined": false
      }
    ],
    "isTemplate": false,
    "count": 0
  }
]