[
  {
    "id": "d8515ee1-7108-4501-99b6-ccad09dd72a5",
    "data": [
      {
        "text": "dunno",
        "userDefined": false
      }
    ],
    "isTemplate": false,
    "count": 0
  },
  {
    "id": "e91b5b6b-a846-41d1-a65e-08ff135610ce",
    "data": [
      {
        "text": "im not sure",
        "userDefined": false
      }
    ],
    "isTemplate": false,
    "count": 0
  },
  {
    "id": "7adb59c2-8d0e-4597-aea4-14b5919ca1e5",
    "data": [
      {
        "text": "idk",
        "userDefined": false
      }
    ],
    "isTemplate": false,
    "count": 0
  },
  {
    "id": "e36117bc-a908-4e35-950f-0c0eb2215c38",
    "data": [
      {
        "text": "I don\u0027t know",
        "userDefined": false
      }
    ],
    "isTemplate": false,
    "count": 0,
    "updated": 1513097771
  }
]