[
  {
    "id": "d7af641c-04be-4015-a9d8-4a5514b82ea9",
    "data": [
      {
        "text": "dunno",
        "userDefined": false
      }
    ],
    "isTemplate": false,
    "count": 0
  },
  {
    "id": "da807afc-6d1f-431a-9d94-73af4dd6644d",
    "data": [
      {
        "text": "im not sure",
        "userDefined": false
      }
    ],
    "isTemplate": false,
    "count": 0
  },
  {
    "id": "36c87e93-2860-4836-bc52-6fc3464f12a3",
    "data": [
      {
        "text": "idk",
        "userDefined": false
      }
    ],
    "isTemplate": false,
    "count": 0
  },
  {
    "id": "0dedb1c1-a3cb-4d63-b135-ddb3d2e7f01a",
    "data": [
      {
        "text": "I don\u0027t know",
        "userDefined": false
      }
    ],
    "isTemplate": false,
    "count": 0,
    "updated": 1513097771
  }
]