[
  {
    "id": "90ff136e-77df-4838-aaad-cdf75824e48f",
    "data": [
      {
        "text": "You have got to be kidding me. You\u0027re having voice recognition problems again, aren\u0027t you?",
        "userDefined": false
      }
    ],
    "isTemplate": false,
    "count": 1,
    "updated": 1513439145
  },
  {
    "id": "d9bd9018-e758-4e34-9a25-931369288bb1",
    "data": [
      {
        "text": "You\u0027ve gotta be kidding. Voice recognition problems again?",
        "userDefined": false
      }
    ],
    "isTemplate": false,
    "count": 0
  },
  {
    "id": "2700f377-62be-437e-abbc-fbd5e386c651",
    "data": [
      {
        "text": "For the love of--Are you having voice recognition problems again?",
        "userDefined": false
      }
    ],
    "isTemplate": false,
    "count": 0
  }
]