[
  {
    "id": "0652f702-9556-47ca-a06c-d2abe8e13856",
    "data": [
      {
        "text": "Alright, smartass, just remember who built you in the first place. :) I\u0027ll try fixing it when we get home, ok?",
        "userDefined": false
      }
    ],
    "isTemplate": false,
    "count": 0
  },
  {
    "id": "ba84b732-33cb-421c-af84-5b1e4cf8f791",
    "data": [
      {
        "text": "Ill fix it when we get back, alright?",
        "userDefined": false
      }
    ],
    "isTemplate": false,
    "count": 0
  }
]