[
  {
    "id": "bdab9c3b-3e5e-4080-9889-6300c9518c60",
    "data": [
      {
        "text": "You have got to be kidding me. You\u0027re having voice recognition problems again, aren\u0027t you?",
        "userDefined": false
      }
    ],
    "isTemplate": false,
    "count": 1,
    "updated": 1513439145
  },
  {
    "id": "0feb778d-84e2-480f-bec3-40f858135e0d",
    "data": [
      {
        "text": "You\u0027ve gotta be kidding. Voice recognition problems again?",
        "userDefined": false
      }
    ],
    "isTemplate": false,
    "count": 0
  },
  {
    "id": "975ce4fd-b976-4761-881e-9decef5c2fc2",
    "data": [
      {
        "text": "For the love of--Are you having voice recognition problems again?",
        "userDefined": false
      }
    ],
    "isTemplate": false,
    "count": 0
  }
]