[
  {
    "id": "4d3d6ece-fa9d-492c-a781-18e1ef70e56f",
    "data": [
      {
        "text": "Alright, smartass, just remember who built you in the first place. :) I\u0027ll try fixing it when we get home, ok?",
        "userDefined": false
      }
    ],
    "isTemplate": false,
    "count": 0
  },
  {
    "id": "68eb35b0-27f9-43c0-b615-7ebd39626264",
    "data": [
      {
        "text": "Ill fix it when we get back, alright?",
        "userDefined": false
      }
    ],
    "isTemplate": false,
    "count": 0
  }
]