[
  {
    "id": "71225810-f3cd-4b76-bafd-2f80dae92f40",
    "data": [
      {
        "text": "What?",
        "userDefined": false
      }
    ],
    "isTemplate": false,
    "count": 0
  },
  {
    "id": "322accd8-6b89-4f2d-89fc-01b694bbe000",
    "data": [
      {
        "text": "Say what now?",
        "userDefined": false
      }
    ],
    "isTemplate": false,
    "count": 0
  },
  {
    "id": "f114a6d7-6180-4a91-8e97-24ec4563334e",
    "data": [
      {
        "text": "Wait, what?",
        "userDefined": false
      }
    ],
    "isTemplate": false,
    "count": 0
  }
]