[
  {
    "id": "f3c03bad-6470-4f35-9e37-9e4f3fef1ffd",
    "data": [
      {
        "text": "weather in Boston",
        "userDefined": false
      }
    ],
    "isTemplate": false,
    "count": 0,
    "updated": 0
  },
  {
    "id": "a3679d93-8c54-4fd6-9159-edc57cc09616",
    "data": [
      {
        "text": "weather in Boston",
        "userDefined": false
      }
    ],
    "isTemplate": false,
    "count": 0,
    "updated": 0
  },
  {
    "id": "fe2864f3-488b-45bf-a148-2a85b9a7837f",
    "data": [
      {
        "text": "Hey, Skymist, what is the weather like in Brisbane?",
        "userDefined": false
      }
    ],
    "isTemplate": false,
    "count": 0,
    "updated": 0
  },
  {
    "id": "994bb4ac-ec44-4af3-aa10-38d1befeae33",
    "data": [
      {
        "text": "Hey, Skymist, what is the weather like in ",
        "userDefined": false
      },
      {
        "text": "Brisbane",
        "alias": "geo-city",
        "meta": "@sys.geo-city",
        "userDefined": false
      },
      {
        "text": "?",
        "userDefined": false
      }
    ],
    "isTemplate": false,
    "count": 0,
    "updated": 0
  },
  {
    "id": "674f9657-f4de-42e1-95c4-b918e830243b",
    "data": [
      {
        "text": "weather in ",
        "userDefined": false
      },
      {
        "text": "Boston",
        "alias": "geo-city",
        "meta": "@sys.geo-city",
        "userDefined": false
      }
    ],
    "isTemplate": false,
    "count": 0,
    "updated": 0
  },
  {
    "id": "b819dd2f-7f70-461e-afb7-e8646917f765",
    "data": [
      {
        "text": "What is the weather like in ",
        "userDefined": false
      },
      {
        "text": "Richmond",
        "alias": "geo-city",
        "meta": "@sys.geo-city",
        "userDefined": true
      }
    ],
    "isTemplate": false,
    "count": 0,
    "updated": 1516632095
  },
  {
    "id": "a9a84fa8-17d0-4b6b-9e49-34103502c3ba",
    "data": [
      {
        "text": "What is the weather in ",
        "userDefined": false
      },
      {
        "text": "London",
        "alias": "geo-city",
        "meta": "@sys.geo-city",
        "userDefined": true
      }
    ],
    "isTemplate": false,
    "count": 0,
    "updated": 1516632095
  },
  {
    "id": "fcc8fe44-9c77-42a5-9311-f5c77aed1cc8",
    "data": [
      {
        "text": "give me weather for ",
        "userDefined": false
      },
      {
        "text": "Chennai",
        "alias": "geo-city",
        "meta": "@sys.geo-city",
        "userDefined": true
      }
    ],
    "isTemplate": false,
    "count": 0,
    "updated": 1516632095
  }
]