[
  {
    "id": "5c97b30f-bd27-4cc6-ba74-389b20531f8f",
    "data": [
      {
        "text": "override Theta",
        "userDefined": false
      }
    ],
    "isTemplate": false,
    "count": 0,
    "updated": 0
  },
  {
    "id": "f22b7708-022a-4b6d-9c60-8be75ad7735d",
    "data": [
      {
        "text": "override Theta",
        "userDefined": false
      }
    ],
    "isTemplate": false,
    "count": 0
  },
  {
    "id": "c40dc33a-ba3b-4af9-8a78-0af382ee9add",
    "data": [
      {
        "text": "Executive Override Theta",
        "userDefined": false
      }
    ],
    "isTemplate": false,
    "count": 0
  }
]