[
  {
    "id": "c9064841-4f2b-4227-8682-8110f15a04d4",
    "data": [
      {
        "text": "override ",
        "userDefined": false
      },
      {
        "text": "Sakura07",
        "alias": "override-administrative",
        "meta": "@override-administrative",
        "userDefined": true
      }
    ],
    "isTemplate": false,
    "count": 0
  },
  {
    "id": "815d84fe-2ee1-4a88-a78c-8a35bdfacbbd",
    "data": [
      {
        "text": "Seaspray04",
        "alias": "override-administrative",
        "meta": "@override-administrative",
        "userDefined": true
      }
    ],
    "isTemplate": false,
    "count": 0
  },
  {
    "id": "b70d1b4b-3251-4b61-8cad-332bbd05bfb0",
    "data": [
      {
        "text": "Administrator Override:",
        "meta": "@sys.ignore",
        "userDefined": true
      },
      {
        "text": " ",
        "userDefined": false
      },
      {
        "text": "Seaspray04",
        "alias": "override-administrative",
        "meta": "@override-administrative",
        "userDefined": true
      }
    ],
    "isTemplate": false,
    "count": 0
  }
]