[
  {
    "id": "0ff06b13-ccfd-414e-8f1d-e2fb706db16c",
    "data": [
      {
        "text": "Silvershadow547",
        "userDefined": false
      }
    ],
    "isTemplate": false,
    "count": 0
  },
  {
    "id": "69756588-af55-4c7f-86c0-4a93747c59f6",
    "data": [
      {
        "text": "Oh, sorry, wrong ",
        "userDefined": false
      },
      {
        "text": "one",
        "meta": "@sys.ignore",
        "userDefined": false
      },
      {
        "text": ". ",
        "userDefined": false
      },
      {
        "text": "Try",
        "meta": "@sys.ignore",
        "userDefined": false
      },
      {
        "text": " Silvershadow547",
        "userDefined": false
      }
    ],
    "isTemplate": false,
    "count": 0
  },
  {
    "id": "d3b1c5b8-392c-4352-af13-5523955a9e6d",
    "data": [
      {
        "text": "Oh, sorry, ",
        "userDefined": false
      },
      {
        "text": "Skymist",
        "alias": "agent-name",
        "meta": "@agent-name",
        "userDefined": false
      },
      {
        "text": ". ",
        "userDefined": false
      },
      {
        "text": "Try",
        "meta": "@sys.ignore",
        "userDefined": false
      },
      {
        "text": " Silvershadow547",
        "userDefined": false
      }
    ],
    "isTemplate": false,
    "count": 0
  },
  {
    "id": "5960a3a3-dabb-43c5-937a-649bb23c909e",
    "data": [
      {
        "text": "Open grades using Silvershadow547",
        "userDefined": false
      }
    ],
    "isTemplate": false,
    "count": 0
  }
]