[
  {
    "id": "331d706b-66e6-4210-9e51-13c0a9e7018e",
    "data": [
      {
        "text": "override Theta",
        "userDefined": false
      }
    ],
    "isTemplate": false,
    "count": 0,
    "updated": 0
  },
  {
    "id": "e9d8b6be-d988-4e74-a829-1051d2e353ed",
    "data": [
      {
        "text": "override Theta",
        "userDefined": false
      }
    ],
    "isTemplate": false,
    "count": 0
  },
  {
    "id": "16d76106-8a71-4ed1-bffb-04cf23b725cf",
    "data": [
      {
        "text": "Executive Override Theta",
        "userDefined": false
      }
    ],
    "isTemplate": false,
    "count": 0
  }
]