[
  {
    "id": "d4469764-3a48-4f46-9ab4-41fa8caabe46",
    "data": [
      {
        "text": "override ",
        "userDefined": false
      },
      {
        "text": "Sakura07",
        "alias": "override-administrative",
        "meta": "@override-administrative",
        "userDefined": true
      }
    ],
    "isTemplate": false,
    "count": 0
  },
  {
    "id": "78121620-e4f4-4d86-a9bf-5f55c705e22e",
    "data": [
      {
        "text": "Seaspray04",
        "alias": "override-administrative",
        "meta": "@override-administrative",
        "userDefined": true
      }
    ],
    "isTemplate": false,
    "count": 0
  },
  {
    "id": "a168676c-5b92-428a-88e1-6337dc4feddf",
    "data": [
      {
        "text": "Administrator Override:",
        "meta": "@sys.ignore",
        "userDefined": true
      },
      {
        "text": " ",
        "userDefined": false
      },
      {
        "text": "Seaspray04",
        "alias": "override-administrative",
        "meta": "@override-administrative",
        "userDefined": true
      }
    ],
    "isTemplate": false,
    "count": 0
  }
]