[
  {
    "id": "e999225d-5b75-450b-8dd6-57124c0c9797",
    "data": [
      {
        "text": "Silvershadow547",
        "userDefined": false
      }
    ],
    "isTemplate": false,
    "count": 0
  },
  {
    "id": "8fd0f18a-30a6-4f6a-b069-e5194b7c034a",
    "data": [
      {
        "text": "Oh, sorry, wrong ",
        "userDefined": false
      },
      {
        "text": "one",
        "meta": "@sys.ignore",
        "userDefined": false
      },
      {
        "text": ". ",
        "userDefined": false
      },
      {
        "text": "Try",
        "meta": "@sys.ignore",
        "userDefined": false
      },
      {
        "text": " Silvershadow547",
        "userDefined": false
      }
    ],
    "isTemplate": false,
    "count": 0
  },
  {
    "id": "d02129af-3ea9-4003-9527-8ac55e3c4dcf",
    "data": [
      {
        "text": "Oh, sorry, ",
        "userDefined": false
      },
      {
        "text": "Skymist",
        "alias": "agent-name",
        "meta": "@agent-name",
        "userDefined": false
      },
      {
        "text": ". ",
        "userDefined": false
      },
      {
        "text": "Try",
        "meta": "@sys.ignore",
        "userDefined": false
      },
      {
        "text": " Silvershadow547",
        "userDefined": false
      }
    ],
    "isTemplate": false,
    "count": 0
  },
  {
    "id": "7aa88b92-3bc9-4d18-a73c-54a11c9acb2c",
    "data": [
      {
        "text": "Open grades using Silvershadow547",
        "userDefined": false
      }
    ],
    "isTemplate": false,
    "count": 0
  }
]