[
  {
    "id": "63b87f9a-1820-48e9-a855-e70dc52abde3",
    "data": [
      {
        "text": "What next?",
        "userDefined": false
      }
    ],
    "isTemplate": false,
    "count": 0,
    "updated": 1513120625
  },
  {
    "id": "725a7aa4-2c1f-46a2-9e05-8f43ab2a1a80",
    "data": [
      {
        "text": "So what now?",
        "userDefined": false
      }
    ],
    "isTemplate": false,
    "count": 0
  },
  {
    "id": "ca74c005-caeb-442f-b40e-6170ae4f6bf7",
    "data": [
      {
        "text": "What now, Skymist?",
        "userDefined": false
      }
    ],
    "isTemplate": false,
    "count": 0,
    "updated": 1513120625
  }
]