[
  {
    "id": "7818e927-018e-4786-b28e-a3f205dbcebb",
    "data": [
      {
        "text": "What next?",
        "userDefined": false
      }
    ],
    "isTemplate": false,
    "count": 0,
    "updated": 1513120625
  },
  {
    "id": "9eb90019-5c57-4d40-b1d2-a6a7fbf598cf",
    "data": [
      {
        "text": "So what now?",
        "userDefined": false
      }
    ],
    "isTemplate": false,
    "count": 0
  },
  {
    "id": "4a1899e5-be68-4f0c-b3be-d6b30c36b477",
    "data": [
      {
        "text": "What now, Skymist?",
        "userDefined": false
      }
    ],
    "isTemplate": false,
    "count": 0,
    "updated": 1513120625
  }
]