[
  {
    "id": "acbfc571-adbf-447a-83df-542f80a2f185",
    "data": [
      {
        "text": "Who are you?",
        "userDefined": false
      }
    ],
    "isTemplate": false,
    "count": 0,
    "updated": 1513181693
  },
  {
    "id": "63c2106d-99d2-426e-8187-fcba051a2ef1",
    "data": [
      {
        "text": "Tell me about yourself",
        "userDefined": false
      }
    ],
    "isTemplate": false,
    "count": 0
  },
  {
    "id": "38f2f17b-719e-4700-bec2-46f799350a5a",
    "data": [
      {
        "text": "What are you?",
        "userDefined": false
      }
    ],
    "isTemplate": false,
    "count": 0
  }
]