[
  {
    "id": "2211c187-c054-4cf2-a571-ef9cd53a821d",
    "data": [
      {
        "text": "Who are you?",
        "userDefined": false
      }
    ],
    "isTemplate": false,
    "count": 0,
    "updated": 1513181693
  },
  {
    "id": "ddb079ad-79fd-4089-b157-3ce0472c4cb8",
    "data": [
      {
        "text": "Tell me about yourself",
        "userDefined": false
      }
    ],
    "isTemplate": false,
    "count": 0
  },
  {
    "id": "8f0ebd13-f3d6-46ef-9c66-e4e33f44e2dd",
    "data": [
      {
        "text": "What are you?",
        "userDefined": false
      }
    ],
    "isTemplate": false,
    "count": 0
  }
]