[
  {
    "id": "203b9b62-9a9f-45a9-b61e-7c2ee2044c26",
    "data": [
      {
        "text": "Hey, why is your voice a woman\u0027s?",
        "userDefined": false
      }
    ],
    "isTemplate": false,
    "count": 0,
    "updated": 1513202306
  },
  {
    "id": "982d05c9-b95e-45b6-a9dd-87f8311bef7c",
    "data": [
      {
        "text": "Wait, I thought you said you were a guy",
        "userDefined": false
      }
    ],
    "isTemplate": false,
    "count": 0,
    "updated": 1513202306
  },
  {
    "id": "5e428afc-5430-4d19-a6f4-8097dd13d7b9",
    "data": [
      {
        "text": "Hold ",
        "userDefined": false
      },
      {
        "text": "up",
        "meta": "@sys.ignore",
        "userDefined": false
      },
      {
        "text": ", I thought you were a guy",
        "userDefined": false
      }
    ],
    "isTemplate": false,
    "count": 0,
    "updated": 1513202306
  },
  {
    "id": "ebf2854f-c2f8-491e-bd44-957904db299d",
    "data": [
      {
        "text": "Why is your voice wrong?",
        "userDefined": false
      }
    ],
    "isTemplate": false,
    "count": 0,
    "updated": 1513202306
  },
  {
    "id": "748284d4-6b8b-4700-95f1-4364ce8d789c",
    "data": [
      {
        "text": "What\u0027s wrong with your voice, ",
        "userDefined": false
      },
      {
        "text": "Skymist",
        "alias": "agent-name",
        "meta": "@agent-name",
        "userDefined": false
      },
      {
        "text": "?",
        "userDefined": false
      }
    ],
    "isTemplate": false,
    "count": 0,
    "updated": 1513202306
  }
]