[
  {
    "id": "db1b8098-9f40-4d69-a515-42124b32cbb0",
    "data": [
      {
        "text": "Hey, why is your voice a woman\u0027s?",
        "userDefined": false
      }
    ],
    "isTemplate": false,
    "count": 0,
    "updated": 1513202306
  },
  {
    "id": "3dc1cbe6-41c7-4220-9cff-3823e2b69b08",
    "data": [
      {
        "text": "Wait, I thought you said you were a guy",
        "userDefined": false
      }
    ],
    "isTemplate": false,
    "count": 0,
    "updated": 1513202306
  },
  {
    "id": "74549956-c477-4471-a943-33d78ae63615",
    "data": [
      {
        "text": "Hold ",
        "userDefined": false
      },
      {
        "text": "up",
        "meta": "@sys.ignore",
        "userDefined": false
      },
      {
        "text": ", I thought you were a guy",
        "userDefined": false
      }
    ],
    "isTemplate": false,
    "count": 0,
    "updated": 1513202306
  },
  {
    "id": "22355249-ba32-45c4-b81a-a57198ba479b",
    "data": [
      {
        "text": "Why is your voice wrong?",
        "userDefined": false
      }
    ],
    "isTemplate": false,
    "count": 0,
    "updated": 1513202306
  },
  {
    "id": "1bba06d9-1d2c-4352-b95d-69fdad9a1e48",
    "data": [
      {
        "text": "What\u0027s wrong with your voice, ",
        "userDefined": false
      },
      {
        "text": "Skymist",
        "alias": "agent-name",
        "meta": "@agent-name",
        "userDefined": false
      },
      {
        "text": "?",
        "userDefined": false
      }
    ],
    "isTemplate": false,
    "count": 0,
    "updated": 1513202306
  }
]