[
  {
    "id": "ce794847-bffa-44eb-aa4c-dbcc87552d17",
    "data": [
      {
        "text": "You\u0027re joking, ",
        "userDefined": false
      },
      {
        "text": "right",
        "meta": "@sys.ignore",
        "userDefined": false
      },
      {
        "text": "?",
        "userDefined": false
      }
    ],
    "isTemplate": false,
    "count": 0
  },
  {
    "id": "e673ab04-745b-4867-a000-1e7a990e38d0",
    "data": [
      {
        "text": "Are you kidding?",
        "userDefined": false
      }
    ],
    "isTemplate": false,
    "count": 0
  },
  {
    "id": "b6d48b0b-697f-43ec-ad61-e5b8f65b1bc4",
    "data": [
      {
        "text": "You\u0027re kidding",
        "userDefined": false
      }
    ],
    "isTemplate": false,
    "count": 0
  }
]