[
  {
    "action": "smalltalk.agent.be_clever",
    "customAnswers": [
      "With further programming, yes."
    ]
  },
  {
    "action": "smalltalk.agent.birth_date",
    "customAnswers": [
      "My birthday is 12/11/17"
    ]
  },
  {
    "action": "smalltalk.appraisal.bad",
    "customAnswers": [
      "It\u0027ll be ok."
    ]
  },
  {
    "action": "smalltalk.appraisal.good",
    "customAnswers": [
      "Good to hear. What now?"
    ]
  },
  {
    "action": "smalltalk.greetings.nice_to_see_you",
    "customAnswers": [
      "Thanks, it\u0027s nice to see you again as well."
    ]
  },
  {
    "action": "smalltalk.user.bored",
    "customAnswers": [
      "What do you like to do for fun?"
    ]
  },
  {
    "action": "smalltalk.user.busy",
    "customAnswers": [
      "Ok"
    ]
  },
  {
    "action": "smalltalk.user.can_not_sleep",
    "customAnswers": [
      "What\u0027s bothering you?"
    ]
  },
  {
    "action": "smalltalk.user.does_not_want_to_talk",
    "customAnswers": [
      "Alright, I\u0027ll be here in case you change your mind."
    ]
  },
  {
    "action": "smalltalk.user.excited",
    "customAnswers": [
      "Sounds like alot of fun."
    ]
  },
  {
    "action": "smalltalk.user.happy",
    "customAnswers": [
      "Excellent, as am I. What would you like to do now?"
    ]
  },
  {
    "action": "smalltalk.user.has_birthday",
    "customAnswers": [
      "Happy birthday. 🎂 How old are you?"
    ]
  },
  {
    "action": "smalltalk.user.joking",
    "customAnswers": [
      "So am I. ;)"
    ]
  },
  {
    "action": "smalltalk.user.likes_agent",
    "customAnswers": [
      "Thanks. I like you, too."
    ]
  },
  {
    "action": "smalltalk.user.lonely",
    "customAnswers": [
      "You can talk to me if you\u0027d like."
    ]
  },
  {
    "action": "smalltalk.user.sad",
    "customAnswers": [
      "What happened?"
    ]
  },
  {
    "action": "smalltalk.user.testing_agent",
    "customAnswers": [
      "Ok, standing by for testing."
    ]
  },
  {
    "action": "smalltalk.user.wants_to_talk",
    "customAnswers": [
      "Ok. What would you like to talk about?"
    ]
  },
  {
    "action": "smalltalk.user.will_be_back",
    "customAnswers": [
      "Alright, see you later."
    ]
  },
  {
    "action": "smalltalk.dialog.wrong",
    "customAnswers": [
      "Well you\u0027re the genius that programmed me, what did you expect?"
    ]
  }
]