[
  {
    "value": "Jack Nicholson",
    "synonyms": [
      "Jack Nicholson"
    ]
  },
  {
    "value": "Marlon Brando",
    "synonyms": [
      "Marlon Brando"
    ]
  },
  {
    "value": "Robert De Niro",
    "synonyms": [
      "Robert De Niro"
    ]
  },
  {
    "value": "Al Pacino",
    "synonyms": [
      "Al Pacino"
    ]
  },
  {
    "value": "Tom Hanks",
    "synonyms": [
      "Tom Hanks"
    ]
  },
  {
    "value": "Anthony Hopkins",
    "synonyms": [
      "Anthony Hopkins"
    ]
  },
  {
    "value": "Paul Newman",
    "synonyms": [
      "Paul Newman"
    ]
  },
  {
    "value": "Denzel Washington",
    "synonyms": [
      "Denzel Washington"
    ]
  },
  {
    "value": "Spencer Tracy",
    "synonyms": [
      "Spencer Tracy"
    ]
  },
  {
    "value": "Laurence Olivier",
    "synonyms": [
      "Laurence Olivier"
    ]
  },
  {
    "value": "Jack Lemmon",
    "synonyms": [
      "Jack Lemmon"
    ]
  },
  {
    "value": "Michael Caine",
    "synonyms": [
      "Michael Caine"
    ]
  },
  {
    "value": "James Stewart",
    "synonyms": [
      "James Stewart"
    ]
  },
  {
    "value": "Robin Williams",
    "synonyms": [
      "Robin Williams"
    ]
  },
  {
    "value": "Robert Duvall",
    "synonyms": [
      "Robert Duvall"
    ]
  },
  {
    "value": "Sean Penn",
    "synonyms": [
      "Sean Penn"
    ]
  },
  {
    "value": "Morgan Freeman",
    "synonyms": [
      "Morgan Freeman"
    ]
  },
  {
    "value": "Jeff Bridges",
    "synonyms": [
      "Jeff Bridges"
    ]
  },
  {
    "value": "Sidney Poitier",
    "synonyms": [
      "Sidney Poitier"
    ]
  },
  {
    "value": "Peter O\u0027Toole",
    "synonyms": [
      "Peter O\u0027Toole"
    ]
  },
  {
    "value": "Clint Eastwood",
    "synonyms": [
      "Clint Eastwood"
    ]
  },
  {
    "value": "Gene Hackman",
    "synonyms": [
      "Gene Hackman"
    ]
  },
  {
    "value": "Tommy Lee Jones",
    "synonyms": [
      "Tommy Lee Jones"
    ]
  },
  {
    "value": "Ben Kingsley",
    "synonyms": [
      "Ben Kingsley"
    ]
  },
  {
    "value": "Philip Seymour Hoffman",
    "synonyms": [
      "Philip Seymour Hoffman"
    ]
  },
  {
    "value": "Leonardo DiCaprio",
    "synonyms": [
      "Leonardo DiCaprio"
    ]
  },
  {
    "value": "Russell Crowe",
    "synonyms": [
      "Russell Crowe"
    ]
  },
  {
    "value": "Kevin Spacey",
    "synonyms": [
      "Kevin Spacey"
    ]
  },
  {
    "value": "Humphrey Bogart",
    "synonyms": [
      "Humphrey Bogart"
    ]
  },
  {
    "value": "Gregory Peck",
    "synonyms": [
      "Gregory Peck"
    ]
  },
  {
    "value": "Clark Gable",
    "synonyms": [
      "Clark Gable"
    ]
  },
  {
    "value": "Gary Cooper",
    "synonyms": [
      "Gary Cooper"
    ]
  },
  {
    "value": "Jason Robards",
    "synonyms": [
      "Jason Robards"
    ]
  },
  {
    "value": "Anthony Quinn",
    "synonyms": [
      "Anthony Quinn"
    ]
  },
  {
    "value": "James Cagney",
    "synonyms": [
      "James Cagney"
    ]
  },
  {
    "value": "Charles Chaplin",
    "synonyms": [
      "Charles Chaplin"
    ]
  },
  {
    "value": "Peter Finch",
    "synonyms": [
      "Peter Finch"
    ]
  },
  {
    "value": "Henry Fonda",
    "synonyms": [
      "Henry Fonda"
    ]
  },
  {
    "value": "Cary Grant",
    "synonyms": [
      "Cary Grant"
    ]
  },
  {
    "value": "Richard Burton",
    "synonyms": [
      "Richard Burton"
    ]
  },
  {
    "value": "Burt Lancaster",
    "synonyms": [
      "Burt Lancaster"
    ]
  },
  {
    "value": "John Wayne",
    "synonyms": [
      "John Wayne"
    ]
  },
  {
    "value": "Kirk Douglas",
    "synonyms": [
      "Kirk Douglas"
    ]
  },
  {
    "value": "William Holden",
    "synonyms": [
      "William Holden"
    ]
  },
  {
    "value": "Christopher Plummer",
    "synonyms": [
      "Christopher Plummer"
    ]
  },
  {
    "value": "Alec Guinness",
    "synonyms": [
      "Alec Guinness"
    ]
  },
  {
    "value": "Alan Arkin",
    "synonyms": [
      "Alan Arkin"
    ]
  },
  {
    "value": "Christopher Walken",
    "synonyms": [
      "Christopher Walken"
    ]
  },
  {
    "value": "Joe Pesci",
    "synonyms": [
      "Joe Pesci"
    ]
  },
  {
    "value": "Ian McKellen",
    "synonyms": [
      "Ian McKellen"
    ]
  },
  {
    "value": "Jon Voight",
    "synonyms": [
      "Jon Voight"
    ]
  },
  {
    "value": "Albert Finney",
    "synonyms": [
      "Albert Finney"
    ]
  },
  {
    "value": "Geoffrey Rush",
    "synonyms": [
      "Geoffrey Rush"
    ]
  },
  {
    "value": "Jeremy Irons",
    "synonyms": [
      "Jeremy Irons"
    ]
  },
  {
    "value": "Javier Bardem",
    "synonyms": [
      "Javier Bardem"
    ]
  },
  {
    "value": "Heath Ledger",
    "synonyms": [
      "Heath Ledger"
    ]
  },
  {
    "value": "Christoph Waltz",
    "synonyms": [
      "Christoph Waltz"
    ]
  },
  {
    "value": "Ralph Fiennes",
    "synonyms": [
      "Ralph Fiennes"
    ]
  },
  {
    "value": "Johnny Depp",
    "synonyms": [
      "Johnny Depp"
    ]
  },
  {
    "value": "Benicio Del Toro",
    "synonyms": [
      "Benicio Del Toro"
    ]
  },
  {
    "value": "Jamie Foxx",
    "synonyms": [
      "Jamie Foxx"
    ]
  },
  {
    "value": "Joaquin Phoenix",
    "synonyms": [
      "Joaquin Phoenix"
    ]
  },
  {
    "value": "Colin Firth",
    "synonyms": [
      "Colin Firth"
    ]
  },
  {
    "value": "Matthew McConaughey",
    "synonyms": [
      "Matthew McConaughey"
    ]
  },
  {
    "value": "Christian Bale",
    "synonyms": [
      "Christian Bale"
    ]
  },
  {
    "value": "Jackson",
    "synonyms": [
      "Jackson"
    ]
  },
  {
    "value": "Gary Oldman",
    "synonyms": [
      "Gary Oldman"
    ]
  },
  {
    "value": "Edward Norton",
    "synonyms": [
      "Edward Norton"
    ]
  },
  {
    "value": "Brad Pitt",
    "synonyms": [
      "Brad Pitt"
    ]
  },
  {
    "value": "Tom Cruise",
    "synonyms": [
      "Tom Cruise"
    ]
  },
  {
    "value": "Matt Damon",
    "synonyms": [
      "Matt Damon"
    ]
  },
  {
    "value": "Don Cheadle",
    "synonyms": [
      "Don Cheadle"
    ]
  },
  {
    "value": "Liam Neeson",
    "synonyms": [
      "Liam Neeson"
    ]
  },
  {
    "value": "Mel Gibson",
    "synonyms": [
      "Mel Gibson"
    ]
  },
  {
    "value": "Harrison Ford",
    "synonyms": [
      "Harrison Ford"
    ]
  },
  {
    "value": "Michael Douglas",
    "synonyms": [
      "Michael Douglas"
    ]
  },
  {
    "value": "Woody Allen",
    "synonyms": [
      "Woody Allen"
    ]
  },
  {
    "value": "Steve McQueen",
    "synonyms": [
      "Steve McQueen"
    ]
  },
  {
    "value": "Orson Welles",
    "synonyms": [
      "Orson Welles"
    ]
  },
  {
    "value": "Charles Laughton",
    "synonyms": [
      "Charles Laughton"
    ]
  },
  {
    "value": "Robert Redford",
    "synonyms": [
      "Robert Redford"
    ]
  },
  {
    "value": "James Dean",
    "synonyms": [
      "James Dean"
    ]
  },
  {
    "value": "Charlton Heston",
    "synonyms": [
      "Charlton Heston"
    ]
  },
  {
    "value": "Gene Kelly",
    "synonyms": [
      "Gene Kelly"
    ]
  },
  {
    "value": "Robert Mitchum",
    "synonyms": [
      "Robert Mitchum"
    ]
  },
  {
    "value": "Bill Murray",
    "synonyms": [
      "Bill Murray"
    ]
  },
  {
    "value": "Jim Carrey",
    "synonyms": [
      "Jim Carrey"
    ]
  },
  {
    "value": "Hugh Jackman",
    "synonyms": [
      "Hugh Jackman"
    ]
  },
  {
    "value": "Will Smith",
    "synonyms": [
      "Will Smith"
    ]
  },
  {
    "value": "Martin Sheen",
    "synonyms": [
      "Martin Sheen"
    ]
  },
  {
    "value": "Alan Rickman",
    "synonyms": [
      "Alan Rickman"
    ]
  },
  {
    "value": "Buster Keaton",
    "synonyms": [
      "Buster Keaton"
    ]
  },
  {
    "value": "Tom Hardy",
    "synonyms": [
      "Tom Hardy"
    ]
  },
  {
    "value": "Bruce Willis",
    "synonyms": [
      "Bruce Willis"
    ]
  }
]