[
  {
    "value": "Shazam",
    "synonyms": [
      "Shazam"
    ]
  },
  {
    "value": "Maps",
    "synonyms": [
      "Maps"
    ]
  },
  {
    "value": "Gmail",
    "synonyms": [
      "Gmail"
    ]
  },
  {
    "value": "WhatsApp",
    "synonyms": [
      "WhatsApp",
      "WhatsApp Messenger"
    ]
  },
  {
    "value": "Angry Birds",
    "synonyms": [
      "Angry Birds"
    ]
  },
  {
    "value": "Skype",
    "synonyms": [
      "Skype"
    ]
  },
  {
    "value": "Adobe Flash Player",
    "synonyms": [
      "Adobe Flash Player"
    ]
  },
  {
    "value": "Adobe Flash Player 11",
    "synonyms": [
      "Adobe Flash Player 11"
    ]
  },
  {
    "value": "Facebook Messenger",
    "synonyms": [
      "Facebook Messenger"
    ]
  },
  {
    "value": "Fruit Ninja",
    "synonyms": [
      "Fruit Ninja"
    ]
  },
  {
    "value": "Adobe Reader",
    "synonyms": [
      "Adobe Reader"
    ]
  },
  {
    "value": "Flashlight",
    "synonyms": [
      "Flashlight"
    ]
  },
  {
    "value": "Instagram",
    "synonyms": [
      "Instagram"
    ]
  },
  {
    "value": "Viber",
    "synonyms": [
      "Viber"
    ]
  },
  {
    "value": "Temple Run",
    "synonyms": [
      "Temple Run"
    ]
  },
  {
    "value": "Temple Run 2",
    "synonyms": [
      "Temple Run 2"
    ]
  },
  {
    "value": "KakaoTalk",
    "synonyms": [
      "KakaoTalk"
    ]
  },
  {
    "value": "Pandora",
    "synonyms": [
      "Pandora"
    ]
  },
  {
    "value": "GO Launcher EX",
    "synonyms": [
      "GO Launcher EX"
    ]
  },
  {
    "value": "Angry Birds Seasons",
    "synonyms": [
      "Angry Birds Seasons"
    ]
  },
  {
    "value": "Angry Birds Rio",
    "synonyms": [
      "Angry Birds Rio"
    ]
  },
  {
    "value": "Talking Tom Cat",
    "synonyms": [
      "Talking Tom Cat"
    ]
  },
  {
    "value": "Talking Tom Cat 2",
    "synonyms": [
      "Talking Tom Cat 2"
    ]
  },
  {
    "value": "Drag Racing",
    "synonyms": [
      "Drag Racing"
    ]
  },
  {
    "value": "Angry Birds Space",
    "synonyms": [
      "Angry Birds Space"
    ]
  },
  {
    "value": "ZEDGE",
    "synonyms": [
      "ZEDGE"
    ]
  },
  {
    "value": "Tango",
    "synonyms": [
      "Tango"
    ]
  },
  {
    "value": "Advanced Task Killer",
    "synonyms": [
      "Advanced Task Killer"
    ]
  },
  {
    "value": "Barcode Scanner",
    "synonyms": [
      "Barcode Scanner"
    ]
  },
  {
    "value": "Free Antivirus Security",
    "synonyms": [
      "Free Antivirus Security"
    ]
  },
  {
    "value": "Adobe AIR",
    "synonyms": [
      "Adobe AIR"
    ]
  },
  {
    "value": "Pool Master Pro",
    "synonyms": [
      "Pool Master Pro"
    ]
  },
  {
    "value": "Shoot Bubble Deluxe",
    "synonyms": [
      "Shoot Bubble Deluxe"
    ]
  },
  {
    "value": "Opera Mini",
    "synonyms": [
      "Opera Mini"
    ]
  },
  {
    "value": "Subway Surfers",
    "synonyms": [
      "Subway Surfers"
    ]
  },
  {
    "value": "Ant Smasher",
    "synonyms": [
      "Ant Smasher"
    ]
  },
  {
    "value": "PicsArt",
    "synonyms": [
      "PicsArt"
    ]
  },
  {
    "value": "GasBuddy",
    "synonyms": [
      "GasBuddy"
    ]
  },
  {
    "value": "Netflix",
    "synonyms": [
      "Netflix"
    ]
  },
  {
    "value": "Catch Notes",
    "synonyms": [
      "Catch Notes"
    ]
  },
  {
    "value": "Google Assistant",
    "synonyms": [
      "Google Assistant"
    ]
  },
  {
    "value": "browser",
    "synonyms": [
      "browser"
    ]
  },
  {
    "value": "Vine",
    "synonyms": [
      "Vine"
    ]
  },
  {
    "value": "Facebook",
    "synonyms": [
      "Facebook"
    ]
  },
  {
    "value": "Slack",
    "synonyms": [
      "Slack"
    ]
  },
  {
    "value": "Twitter",
    "synonyms": [
      "Twitter"
    ]
  },
  {
    "value": "music player",
    "synonyms": [
      "music player"
    ]
  },
  {
    "value": "Spotify",
    "synonyms": [
      "Spotify"
    ]
  }
]