[
  {
    "value": "Google Play",
    "synonyms": [
      "play store",
      "play market",
      "google play",
      "android market",
      "google play store"
    ]
  },
  {
    "value": "App Store",
    "synonyms": [
      "app store",
      "apple store",
      "apple app store",
      "apple appstore",
      "appstore"
    ]
  },
  {
    "value": "Windows Store",
    "synonyms": [
      "windows store",
      "windows app store",
      "microsoft app store"
    ]
  },
  {
    "value": "Google App Store",
    "synonyms": [
      "google app store"
    ]
  }
]