[
  {
    "value": "Johann Sebastian Bach",
    "synonyms": [
      "Johann Sebastian Bach"
    ]
  },
  {
    "value": "Wolfgang Amadeus Mozart",
    "synonyms": [
      "Wolfgang Amadeus Mozart"
    ]
  },
  {
    "value": "Ludwig van Beethoven",
    "synonyms": [
      "Ludwig van Beethoven"
    ]
  },
  {
    "value": "Richard Wagner",
    "synonyms": [
      "Richard Wagner"
    ]
  },
  {
    "value": "Joseph Haydn",
    "synonyms": [
      "Joseph Haydn"
    ]
  },
  {
    "value": "Johannes Brahms",
    "synonyms": [
      "Johannes Brahms"
    ]
  },
  {
    "value": "Franz Schubert",
    "synonyms": [
      "Franz Schubert"
    ]
  },
  {
    "value": "Robert Schumann",
    "synonyms": [
      "Robert Schumann"
    ]
  },
  {
    "value": "Georg Friedrich Händel",
    "synonyms": [
      "Georg Friedrich Händel"
    ]
  },
  {
    "value": "Piotr Illitch Tchaïkovsky",
    "synonyms": [
      "Piotr Illitch Tchaïkovsky"
    ]
  },
  {
    "value": "Felix Mendelssohn-Bartholdy",
    "synonyms": [
      "Felix Mendelssohn-Bartholdy"
    ]
  },
  {
    "value": "Antonín Dvořák",
    "synonyms": [
      "Antonín Dvořák"
    ]
  },
  {
    "value": "Franz Liszt ",
    "synonyms": [
      "Franz Liszt "
    ]
  },
  {
    "value": "Frédéric Chopin",
    "synonyms": [
      "Frédéric Chopin"
    ]
  },
  {
    "value": "Igor Stravinsky",
    "synonyms": [
      "Igor Stravinsky"
    ]
  },
  {
    "value": "Giuseppe Verdi",
    "synonyms": [
      "Giuseppe Verdi"
    ]
  },
  {
    "value": "Gustav Mahler",
    "synonyms": [
      "Gustav Mahler"
    ]
  },
  {
    "value": "Sergej S. Prokofiew",
    "synonyms": [
      "Sergej S. Prokofiew"
    ]
  },
  {
    "value": "Dmitri Shostakovich",
    "synonyms": [
      "Dmitri Shostakovich"
    ]
  },
  {
    "value": "Richard Strauss",
    "synonyms": [
      "Richard Strauss"
    ]
  },
  {
    "value": "Hector Berlioz",
    "synonyms": [
      "Hector Berlioz"
    ]
  },
  {
    "value": "Claude Debussy",
    "synonyms": [
      "Claude Debussy"
    ]
  },
  {
    "value": "Giacomo Puccini",
    "synonyms": [
      "Giacomo Puccini"
    ]
  },
  {
    "value": "Giovanni Pierluigi da Palestrina",
    "synonyms": [
      "Giovanni Pierluigi da Palestrina"
    ]
  },
  {
    "value": "Anton Bruckner",
    "synonyms": [
      "Anton Bruckner"
    ]
  },
  {
    "value": "Georg Philipp Telemann",
    "synonyms": [
      "Georg Philipp Telemann"
    ]
  },
  {
    "value": "Camille Saint-Saëns",
    "synonyms": [
      "Camille Saint-Saëns"
    ]
  },
  {
    "value": "Jean Sibelius",
    "synonyms": [
      "Jean Sibelius"
    ]
  },
  {
    "value": "Maurice Ravel",
    "synonyms": [
      "Maurice Ravel"
    ]
  },
  {
    "value": "Gioacchino Rossini",
    "synonyms": [
      "Gioacchino Rossini"
    ]
  },
  {
    "value": "Edvard Grieg",
    "synonyms": [
      "Edvard Grieg"
    ]
  },
  {
    "value": "Christoph Willibald Gluck",
    "synonyms": [
      "Christoph Willibald Gluck"
    ]
  },
  {
    "value": "Paul Hindemith",
    "synonyms": [
      "Paul Hindemith"
    ]
  },
  {
    "value": "Claudio Monteverdi",
    "synonyms": [
      "Claudio Monteverdi"
    ]
  },
  {
    "value": "Béla Bartók",
    "synonyms": [
      "Béla Bartók"
    ]
  },
  {
    "value": "César Franck",
    "synonyms": [
      "César Franck"
    ]
  },
  {
    "value": "Antonio Vivaldi",
    "synonyms": [
      "Antonio Vivaldi"
    ]
  },
  {
    "value": "Georges Bizet",
    "synonyms": [
      "Georges Bizet"
    ]
  },
  {
    "value": "Modest Mussorgsky",
    "synonyms": [
      "Modest Mussorgsky"
    ]
  },
  {
    "value": "Jean-Philippe Rameau",
    "synonyms": [
      "Jean-Philippe Rameau"
    ]
  },
  {
    "value": "Gabriel Fauré",
    "synonyms": [
      "Gabriel Fauré"
    ]
  },
  {
    "value": "Nikolai Rimsky-Korsakov",
    "synonyms": [
      "Nikolai Rimsky-Korsakov"
    ]
  },
  {
    "value": "Gaetano Donizetti",
    "synonyms": [
      "Gaetano Donizetti"
    ]
  },
  {
    "value": "Ralph Vaughan Williams",
    "synonyms": [
      "Ralph Vaughan Williams"
    ]
  },
  {
    "value": "Bedřich Smetana",
    "synonyms": [
      "Bedřich Smetana"
    ]
  },
  {
    "value": "Johann Strauss Jr.",
    "synonyms": [
      "Johann Strauss Jr."
    ]
  },
  {
    "value": "Carl Maria von Weber",
    "synonyms": [
      "Carl Maria von Weber"
    ]
  },
  {
    "value": "Leoš Janáček",
    "synonyms": [
      "Leoš Janáček"
    ]
  },
  {
    "value": "François Couperin",
    "synonyms": [
      "François Couperin"
    ]
  },
  {
    "value": "Alexander Borodin",
    "synonyms": [
      "Alexander Borodin"
    ]
  }
]