[
  {
    "value": "The Shawshank Redemption",
    "synonyms": [
      "The Shawshank Redemption"
    ]
  },
  {
    "value": "The Godfather",
    "synonyms": [
      "The Godfather"
    ]
  },
  {
    "value": "The Godfather: Part II",
    "synonyms": [
      "The Godfather: Part II"
    ]
  },
  {
    "value": "The Dark Knight",
    "synonyms": [
      "The Dark Knight"
    ]
  },
  {
    "value": "12 Angry Men",
    "synonyms": [
      "12 Angry Men"
    ]
  },
  {
    "value": "Schindler\u0027s List",
    "synonyms": [
      "Schindler\u0027s List"
    ]
  },
  {
    "value": "Pulp Fiction",
    "synonyms": [
      "Pulp Fiction"
    ]
  },
  {
    "value": "The Lord of the Rings: The Return of the Kin",
    "synonyms": [
      "The Lord of the Rings: The Return of the Kin"
    ]
  },
  {
    "value": "The Good, the Bad and the Ugly",
    "synonyms": [
      "The Good, the Bad and the Ugly"
    ]
  },
  {
    "value": "Fight Club",
    "synonyms": [
      "Fight Club"
    ]
  },
  {
    "value": "The Lord of the Rings: The Fellowship of the Ring",
    "synonyms": [
      "The Lord of the Rings: The Fellowship of the Ring"
    ]
  },
  {
    "value": "Star Wars: Episode V - The Empire Strikes Bac",
    "synonyms": [
      "Star Wars: Episode V - The Empire Strikes Bac"
    ]
  },
  {
    "value": "Forrest Gump",
    "synonyms": [
      "Forrest Gump"
    ]
  },
  {
    "value": "Inception",
    "synonyms": [
      "Inception"
    ]
  },
  {
    "value": "The Lord of the Rings: The Two Towers",
    "synonyms": [
      "The Lord of the Rings: The Two Towers"
    ]
  },
  {
    "value": "One Flew Over the Cuckoo\u0027s Nest",
    "synonyms": [
      "One Flew Over the Cuckoo\u0027s Nest"
    ]
  },
  {
    "value": "Goodfellas",
    "synonyms": [
      "Goodfellas"
    ]
  },
  {
    "value": "The Matrix",
    "synonyms": [
      "The Matrix"
    ]
  },
  {
    "value": "Seven Samurai",
    "synonyms": [
      "Seven Samurai"
    ]
  },
  {
    "value": "Star Wars: Episode IV - A New Hope",
    "synonyms": [
      "Star Wars: Episode IV - A New Hope"
    ]
  },
  {
    "value": "City of God",
    "synonyms": [
      "City of God"
    ]
  },
  {
    "value": "Se7en",
    "synonyms": [
      "Se7en"
    ]
  },
  {
    "value": "The Silence of the Lambs",
    "synonyms": [
      "The Silence of the Lambs"
    ]
  },
  {
    "value": "It\u0027s a Wonderful Life",
    "synonyms": [
      "It\u0027s a Wonderful Life"
    ]
  },
  {
    "value": "The Usual Suspects",
    "synonyms": [
      "The Usual Suspects"
    ]
  },
  {
    "value": "Life Is Beautiful",
    "synonyms": [
      "Life Is Beautiful"
    ]
  },
  {
    "value": "Léon: The Professional",
    "synonyms": [
      "Léon: The Professional"
    ]
  },
  {
    "value": "Spirited Away",
    "synonyms": [
      "Spirited Away"
    ]
  },
  {
    "value": "Saving Private Ryan",
    "synonyms": [
      "Saving Private Ryan"
    ]
  },
  {
    "value": "Once Upon a Time in the West",
    "synonyms": [
      "Once Upon a Time in the West"
    ]
  },
  {
    "value": "American History X",
    "synonyms": [
      "American History X"
    ]
  },
  {
    "value": "Interstellar",
    "synonyms": [
      "Interstellar"
    ]
  },
  {
    "value": "Casablanca",
    "synonyms": [
      "Casablanca"
    ]
  },
  {
    "value": "Psycho",
    "synonyms": [
      "Psycho"
    ]
  },
  {
    "value": "City Lights",
    "synonyms": [
      "City Lights"
    ]
  },
  {
    "value": "The Green Mile",
    "synonyms": [
      "The Green Mile"
    ]
  },
  {
    "value": "The Intouchables",
    "synonyms": [
      "The Intouchables"
    ]
  },
  {
    "value": "Modern Times",
    "synonyms": [
      "Modern Times"
    ]
  },
  {
    "value": "Raiders of the Lost Ark",
    "synonyms": [
      "Raiders of the Lost Ark"
    ]
  },
  {
    "value": "Rear Window",
    "synonyms": [
      "Rear Window"
    ]
  },
  {
    "value": "The Pianist",
    "synonyms": [
      "The Pianist"
    ]
  },
  {
    "value": "The Departed",
    "synonyms": [
      "The Departed"
    ]
  },
  {
    "value": "Terminator 2: Judgment Day",
    "synonyms": [
      "Terminator 2: Judgment Day"
    ]
  },
  {
    "value": "Back to the Future",
    "synonyms": [
      "Back to the Future"
    ]
  },
  {
    "value": "Whiplash",
    "synonyms": [
      "Whiplash"
    ]
  },
  {
    "value": "Gladiator",
    "synonyms": [
      "Gladiator"
    ]
  },
  {
    "value": "Memento",
    "synonyms": [
      "Memento"
    ]
  },
  {
    "value": "Apocalypse Now",
    "synonyms": [
      "Apocalypse Now"
    ]
  },
  {
    "value": "The Prestige",
    "synonyms": [
      "The Prestige"
    ]
  },
  {
    "value": "The Lion King",
    "synonyms": [
      "The Lion King"
    ]
  },
  {
    "value": "Alien",
    "synonyms": [
      "Alien"
    ]
  },
  {
    "value": "Strangelove or: How I Learned to Stop Worrying and Love the Bomb",
    "synonyms": [
      "Strangelove or: How I Learned to Stop Worrying and Love the Bomb"
    ]
  },
  {
    "value": "Sunset Boulevard",
    "synonyms": [
      "Sunset Boulevard"
    ]
  },
  {
    "value": "The Great Dictator",
    "synonyms": [
      "The Great Dictator"
    ]
  },
  {
    "value": "Cinema Paradiso",
    "synonyms": [
      "Cinema Paradiso"
    ]
  },
  {
    "value": "The Lives of Others",
    "synonyms": [
      "The Lives of Others"
    ]
  },
  {
    "value": "Grave of the Fireflies",
    "synonyms": [
      "Grave of the Fireflies"
    ]
  },
  {
    "value": "Paths of Glory",
    "synonyms": [
      "Paths of Glory"
    ]
  },
  {
    "value": "Django Unchained",
    "synonyms": [
      "Django Unchained"
    ]
  },
  {
    "value": "The Shining",
    "synonyms": [
      "The Shining"
    ]
  },
  {
    "value": "WALL·E",
    "synonyms": [
      "WALL·E"
    ]
  },
  {
    "value": "La La Land",
    "synonyms": [
      "La La Land"
    ]
  },
  {
    "value": "American Beauty",
    "synonyms": [
      "American Beauty"
    ]
  },
  {
    "value": "The Dark Knight Rises",
    "synonyms": [
      "The Dark Knight Rises"
    ]
  },
  {
    "value": "Princess Mononoke",
    "synonyms": [
      "Princess Mononoke"
    ]
  },
  {
    "value": "Aliens",
    "synonyms": [
      "Aliens"
    ]
  },
  {
    "value": "Олдбой",
    "synonyms": [
      "Олдбой"
    ]
  },
  {
    "value": "Однажды в Америке",
    "synonyms": [
      "Однажды в Америке"
    ]
  },
  {
    "value": "Citizen Kane",
    "synonyms": [
      "Citizen Kane"
    ]
  },
  {
    "value": "Witness for the Prosecution",
    "synonyms": [
      "Witness for the Prosecution"
    ]
  },
  {
    "value": "Das Boot",
    "synonyms": [
      "Das Boot"
    ]
  },
  {
    "value": "North by Northwest",
    "synonyms": [
      "North by Northwest"
    ]
  },
  {
    "value": "Vertigo",
    "synonyms": [
      "Vertigo"
    ]
  },
  {
    "value": "Star Wars: Episode VI - Return of the Jed",
    "synonyms": [
      "Star Wars: Episode VI - Return of the Jed"
    ]
  },
  {
    "value": "Reservoir Dogs",
    "synonyms": [
      "Reservoir Dogs"
    ]
  },
  {
    "value": "M",
    "synonyms": [
      "M"
    ]
  },
  {
    "value": "Braveheart",
    "synonyms": [
      "Braveheart"
    ]
  },
  {
    "value": "Requiem for a Dream",
    "synonyms": [
      "Requiem for a Dream"
    ]
  },
  {
    "value": "Amélie",
    "synonyms": [
      "Amélie"
    ]
  },
  {
    "value": "A Clockwork Orange",
    "synonyms": [
      "A Clockwork Orange"
    ]
  },
  {
    "value": "Taxi Driver",
    "synonyms": [
      "Taxi Driver"
    ]
  },
  {
    "value": "Звёздочки на земле",
    "synonyms": [
      "Звёздочки на земле"
    ]
  },
  {
    "value": "Lawrence of Arabia",
    "synonyms": [
      "Lawrence of Arabia"
    ]
  },
  {
    "value": "Double Indemnity",
    "synonyms": [
      "Double Indemnity"
    ]
  },
  {
    "value": "Eternal Sunshine of the Spotless Mind",
    "synonyms": [
      "Eternal Sunshine of the Spotless Mind"
    ]
  },
  {
    "value": "To Kill a Mockingbird",
    "synonyms": [
      "To Kill a Mockingbird"
    ]
  },
  {
    "value": "Amadeus",
    "synonyms": [
      "Amadeus"
    ]
  },
  {
    "value": "Toy Story 3",
    "synonyms": [
      "Toy Story 3"
    ]
  },
  {
    "value": "Дангал",
    "synonyms": [
      "Дангал"
    ]
  },
  {
    "value": "Full Metal Jacket",
    "synonyms": [
      "Full Metal Jacket"
    ]
  },
  {
    "value": "The Sting",
    "synonyms": [
      "The Sting"
    ]
  },
  {
    "value": "2001: A Space Odyssey",
    "synonyms": [
      "2001: A Space Odyssey"
    ]
  },
  {
    "value": "Singin\u0027 in the Rain",
    "synonyms": [
      "Singin\u0027 in the Rain"
    ]
  },
  {
    "value": "Toy Story",
    "synonyms": [
      "Toy Story"
    ]
  },
  {
    "value": "Мой отец и мой сын",
    "synonyms": [
      "Мой отец и мой сын"
    ]
  },
  {
    "value": "Bicycle Thieves",
    "synonyms": [
      "Bicycle Thieves"
    ]
  },
  {
    "value": "The Kid",
    "synonyms": [
      "The Kid"
    ]
  },
  {
    "value": "Inglourious Basterds",
    "synonyms": [
      "Inglourious Basterds"
    ]
  },
  {
    "value": "Snatch",
    "synonyms": [
      "Snatch"
    ]
  },
  {
    "value": "Monty Python and the Holy Grail",
    "synonyms": [
      "Monty Python and the Holy Grail"
    ]
  },
  {
    "value": "The Avengers",
    "synonyms": [
      "The Avengers",
      "Avengers"
    ]
  },
  {
    "value": "Harry Potter",
    "synonyms": [
      "Harry Potter"
    ]
  }
]