[
  {
    "value": "Sofia Coppola",
    "synonyms": [
      "Sofia Coppola",
      "Coppola"
    ]
  },
  {
    "value": "Asia Argento",
    "synonyms": [
      "Asia Argento",
      "Argento"
    ]
  },
  {
    "value": "Woody Allen",
    "synonyms": [
      "Woody Allen",
      "Allen"
    ]
  },
  {
    "value": "Steven Spielberg",
    "synonyms": [
      "Steven Spielberg",
      "Spielberg"
    ]
  },
  {
    "value": "Jim Jarmusch",
    "synonyms": [
      "Jim Jarmusch",
      "Jarmusch"
    ]
  },
  {
    "value": "Federico Fellini",
    "synonyms": [
      "Federico Fellini",
      "Fellini"
    ]
  },
  {
    "value": "Quentin Tarantino",
    "synonyms": [
      "Quentin Tarantino",
      "Tarantino"
    ]
  },
  {
    "value": "Abdisalam Aato",
    "synonyms": [
      "Abdisalam Aato"
    ]
  },
  {
    "value": "Dodo Abashidze",
    "synonyms": [
      "Dodo Abashidze"
    ]
  },
  {
    "value": "George Abbott",
    "synonyms": [
      "George Abbott"
    ]
  },
  {
    "value": "Jim Abrahams",
    "synonyms": [
      "Jim Abrahams"
    ]
  },
  {
    "value": "Abiola Abrams",
    "synonyms": [
      "Abiola Abrams"
    ]
  },
  {
    "value": "J J Abrams",
    "synonyms": [
      "J J Abrams"
    ]
  },
  {
    "value": "Tengiz Abuladze",
    "synonyms": [
      "Tengiz Abuladze"
    ]
  },
  {
    "value": "Herbert Achternbusch",
    "synonyms": [
      "Herbert Achternbusch"
    ]
  },
  {
    "value": "Andrew Adamson",
    "synonyms": [
      "Andrew Adamson"
    ]
  },
  {
    "value": "Percy Adlon",
    "synonyms": [
      "Percy Adlon"
    ]
  },
  {
    "value": "John G Adolfi",
    "synonyms": [
      "John G Adolfi"
    ]
  },
  {
    "value": "Franklin Adreon",
    "synonyms": [
      "Franklin Adreon"
    ]
  },
  {
    "value": "Alejandro Agresti",
    "synonyms": [
      "Alejandro Agresti"
    ]
  },
  {
    "value": "Aqeel Ahmed",
    "synonyms": [
      "Aqeel Ahmed"
    ]
  },
  {
    "value": "Alexandre Aja",
    "synonyms": [
      "Alexandre Aja"
    ]
  },
  {
    "value": "Chantal Akerman",
    "synonyms": [
      "Chantal Akerman"
    ]
  },
  {
    "value": "Desiree Akhavan",
    "synonyms": [
      "Desiree Akhavan"
    ]
  },
  {
    "value": "Fatih Akın",
    "synonyms": [
      "Fatih Akın"
    ]
  },
  {
    "value": "Moustapha Akkad",
    "synonyms": [
      "Moustapha Akkad"
    ]
  },
  {
    "value": "Timothy Albee",
    "synonyms": [
      "Timothy Albee"
    ]
  },
  {
    "value": "Barbara Albert",
    "synonyms": [
      "Barbara Albert"
    ]
  },
  {
    "value": "Alan Alda",
    "synonyms": [
      "Alan Alda"
    ]
  },
  {
    "value": "Robert Aldrich",
    "synonyms": [
      "Robert Aldrich"
    ]
  },
  {
    "value": "Tomás Gutiérrez Alea",
    "synonyms": [
      "Tomás Gutiérrez Alea"
    ]
  },
  {
    "value": "Grigori Aleksandrov",
    "synonyms": [
      "Grigori Aleksandrov"
    ]
  },
  {
    "value": "Marc Allégret",
    "synonyms": [
      "Marc Allégret"
    ]
  },
  {
    "value": "Yves Allégret",
    "synonyms": [
      "Yves Allégret"
    ]
  },
  {
    "value": "Elizabeth Allen",
    "synonyms": [
      "Elizabeth Allen"
    ]
  },
  {
    "value": "Irwin Allen",
    "synonyms": [
      "Irwin Allen"
    ]
  },
  {
    "value": "Lewis Allen",
    "synonyms": [
      "Lewis Allen"
    ]
  },
  {
    "value": "Woody Allen",
    "synonyms": [
      "Woody Allen"
    ]
  },
  {
    "value": "Sherman Alexie",
    "synonyms": [
      "Sherman Alexie"
    ]
  },
  {
    "value": "Syed Ali Raza Usama",
    "synonyms": [
      "Syed Ali Raza Usama"
    ]
  },
  {
    "value": "Pedro Almodóvar",
    "synonyms": [
      "Pedro Almodóvar"
    ]
  },
  {
    "value": "Paul Almond",
    "synonyms": [
      "Paul Almond"
    ]
  },
  {
    "value": "Robert Altman",
    "synonyms": [
      "Robert Altman"
    ]
  },
  {
    "value": "Fede Alvarez",
    "synonyms": [
      "Fede Alvarez"
    ]
  },
  {
    "value": "Gianni Amelio",
    "synonyms": [
      "Gianni Amelio"
    ]
  },
  {
    "value": "Alejandro Amenábar",
    "synonyms": [
      "Alejandro Amenábar"
    ]
  },
  {
    "value": "Jon Amiel",
    "synonyms": [
      "Jon Amiel"
    ]
  },
  {
    "value": "Lindsay Anderson",
    "synonyms": [
      "Lindsay Anderson"
    ]
  },
  {
    "value": "Michael Anderson",
    "synonyms": [
      "Michael Anderson"
    ]
  },
  {
    "value": "Mitch Anderson",
    "synonyms": [
      "Mitch Anderson"
    ]
  },
  {
    "value": "Paul Thomas Anderson",
    "synonyms": [
      "Paul Thomas Anderson"
    ]
  },
  {
    "value": "Paul W S Anderson",
    "synonyms": [
      "Paul W S Anderson"
    ]
  },
  {
    "value": "Wes Anderson",
    "synonyms": [
      "Wes Anderson"
    ]
  },
  {
    "value": "Brad Anderson",
    "synonyms": [
      "Brad Anderson"
    ]
  },
  {
    "value": "Roy Andersson",
    "synonyms": [
      "Roy Andersson"
    ]
  },
  {
    "value": "Metodi Andonov",
    "synonyms": [
      "Metodi Andonov"
    ]
  },
  {
    "value": "Héctor Babenco",
    "synonyms": [
      "Héctor Babenco"
    ]
  },
  {
    "value": "Lloyd Bacon",
    "synonyms": [
      "Lloyd Bacon"
    ]
  },
  {
    "value": "Clarence G Badger",
    "synonyms": [
      "Clarence G Badger"
    ]
  },
  {
    "value": "John Badham",
    "synonyms": [
      "John Badham"
    ]
  },
  {
    "value": "Bae Yong-Kyun",
    "synonyms": [
      "Bae Yong-Kyun"
    ]
  },
  {
    "value": "Cindy Baer",
    "synonyms": [
      "Cindy Baer"
    ]
  },
  {
    "value": "King Baggot",
    "synonyms": [
      "King Baggot"
    ]
  },
  {
    "value": "Stuart Baird",
    "synonyms": [
      "Stuart Baird"
    ]
  },
  {
    "value": "Roy Ward Baker",
    "synonyms": [
      "Roy Ward Baker"
    ]
  },
  {
    "value": "Mohammad Bakri",
    "synonyms": [
      "Mohammad Bakri"
    ]
  },
  {
    "value": "Ralph Bakshi",
    "synonyms": [
      "Ralph Bakshi"
    ]
  },
  {
    "value": "Aleksei Balabanov",
    "synonyms": [
      "Aleksei Balabanov"
    ]
  },
  {
    "value": "Kailasam Balachander",
    "synonyms": [
      "Kailasam Balachander"
    ]
  },
  {
    "value": "Carroll Ballard",
    "synonyms": [
      "Carroll Ballard"
    ]
  },
  {
    "value": "Monty Banks",
    "synonyms": [
      "Monty Banks"
    ]
  },
  {
    "value": "Juan Antonio Bardem",
    "synonyms": [
      "Juan Antonio Bardem"
    ]
  },
  {
    "value": "Richard L Bare",
    "synonyms": [
      "Richard L Bare"
    ]
  },
  {
    "value": "Chris Barfoot",
    "synonyms": [
      "Chris Barfoot"
    ]
  },
  {
    "value": "Sooraj R Barjatya",
    "synonyms": [
      "Sooraj R Barjatya"
    ]
  },
  {
    "value": "Clive Barker",
    "synonyms": [
      "Clive Barker"
    ]
  },
  {
    "value": "Reginald Barker",
    "synonyms": [
      "Reginald Barker"
    ]
  },
  {
    "value": "Tom Barman",
    "synonyms": [
      "Tom Barman"
    ]
  },
  {
    "value": "Boris Barnet",
    "synonyms": [
      "Boris Barnet"
    ]
  },
  {
    "value": "Matthew Barney",
    "synonyms": [
      "Matthew Barney"
    ]
  },
  {
    "value": "Daniel Barnz",
    "synonyms": [
      "Daniel Barnz"
    ]
  },
  {
    "value": "Chuck Barris",
    "synonyms": [
      "Chuck Barris"
    ]
  },
  {
    "value": "Drew Barrymore",
    "synonyms": [
      "Drew Barrymore"
    ]
  },
  {
    "value": "Lionel Barrymore",
    "synonyms": [
      "Lionel Barrymore"
    ]
  },
  {
    "value": "Jason Bateman",
    "synonyms": [
      "Jason Bateman"
    ]
  },
  {
    "value": "Paul Bartel",
    "synonyms": [
      "Paul Bartel"
    ]
  },
  {
    "value": "Hall Bartlett",
    "synonyms": [
      "Hall Bartlett"
    ]
  },
  {
    "value": "Charles Barton",
    "synonyms": [
      "Charles Barton"
    ]
  },
  {
    "value": "Felix Basch",
    "synonyms": [
      "Felix Basch"
    ]
  },
  {
    "value": "Mario Bava",
    "synonyms": [
      "Mario Bava"
    ]
  },
  {
    "value": "RD Bawa",
    "synonyms": [
      "RD Bawa"
    ]
  },
  {
    "value": "Michael Bay",
    "synonyms": [
      "Michael Bay"
    ]
  },
  {
    "value": "Juan Antonio Bayona",
    "synonyms": [
      "Juan Antonio Bayona"
    ]
  },
  {
    "value": "Warren Beatty",
    "synonyms": [
      "Warren Beatty"
    ]
  },
  {
    "value": "William Beaudine",
    "synonyms": [
      "William Beaudine"
    ]
  },
  {
    "value": "Harry Beaumont",
    "synonyms": [
      "Harry Beaumont"
    ]
  },
  {
    "value": "John Biddle",
    "synonyms": [
      "John Biddle"
    ]
  },
  {
    "value": "Fabián Bielinsky",
    "synonyms": [
      "Fabián Bielinsky"
    ]
  },
  {
    "value": "Kathryn Bigelow",
    "synonyms": [
      "Kathryn Bigelow"
    ]
  },
  {
    "value": "Tony Bill",
    "synonyms": [
      "Tony Bill"
    ]
  },
  {
    "value": "Peter Billingsley",
    "synonyms": [
      "Peter Billingsley"
    ]
  },
  {
    "value": "Bruce Bilson",
    "synonyms": [
      "Bruce Bilson"
    ]
  },
  {
    "value": "Brad Bird",
    "synonyms": [
      "Brad Bird"
    ]
  },
  {
    "value": "Alice Guy-Blaché",
    "synonyms": [
      "Alice Guy-Blaché"
    ]
  },
  {
    "value": "Herbert Blaché",
    "synonyms": [
      "Herbert Blaché"
    ]
  },
  {
    "value": "Nicola Black",
    "synonyms": [
      "Nicola Black"
    ]
  },
  {
    "value": "George Blair",
    "synonyms": [
      "George Blair"
    ]
  },
  {
    "value": "Alessandro Blasetti",
    "synonyms": [
      "Alessandro Blasetti"
    ]
  },
  {
    "value": "Bertrand Blier",
    "synonyms": [
      "Bertrand Blier"
    ]
  },
  {
    "value": "Neill Blomkamp",
    "synonyms": [
      "Neill Blomkamp"
    ]
  },
  {
    "value": "Don Bluth",
    "synonyms": [
      "Don Bluth"
    ]
  },
  {
    "value": "John G Blystone",
    "synonyms": [
      "John G Blystone"
    ]
  },
  {
    "value": "Carl Boese",
    "synonyms": [
      "Carl Boese"
    ]
  },
  {
    "value": "Budd Boetticher",
    "synonyms": [
      "Budd Boetticher"
    ]
  },
  {
    "value": "Paul Bogart",
    "synonyms": [
      "Paul Bogart"
    ]
  },
  {
    "value": "Peter Bogdanovich",
    "synonyms": [
      "Peter Bogdanovich"
    ]
  },
  {
    "value": "José Bohr",
    "synonyms": [
      "José Bohr"
    ]
  },
  {
    "value": "Michel Boisrond",
    "synonyms": [
      "Michel Boisrond"
    ]
  },
  {
    "value": "Patrick Bokanowski",
    "synonyms": [
      "Patrick Bokanowski"
    ]
  },
  {
    "value": "Richard Boleslawski",
    "synonyms": [
      "Richard Boleslawski"
    ]
  },
  {
    "value": "Uwe Boll",
    "synonyms": [
      "Uwe Boll"
    ]
  },
  {
    "value": "Mauro Bolognini",
    "synonyms": [
      "Mauro Bolognini"
    ]
  },
  {
    "value": "Fyodor Bondarchuk",
    "synonyms": [
      "Fyodor Bondarchuk"
    ]
  },
  {
    "value": "Sergei Bondarchuk",
    "synonyms": [
      "Sergei Bondarchuk"
    ]
  },
  {
    "value": "Bong Joon-ho",
    "synonyms": [
      "Bong Joon-ho"
    ]
  },
  {
    "value": "John Boorman",
    "synonyms": [
      "John Boorman"
    ]
  },
  {
    "value": "Walerian Borowczyk",
    "synonyms": [
      "Walerian Borowczyk"
    ]
  },
  {
    "value": "Frank Borzage",
    "synonyms": [
      "Frank Borzage"
    ]
  },
  {
    "value": "John and Roy Boulting",
    "synonyms": [
      "John and Roy Boulting"
    ]
  },
  {
    "value": "Lucien Bourjeily",
    "synonyms": [
      "Lucien Bourjeily"
    ]
  },
  {
    "value": "David Bowers",
    "synonyms": [
      "David Bowers"
    ]
  },
  {
    "value": "Danny Boyle",
    "synonyms": [
      "Danny Boyle"
    ]
  },
  {
    "value": "Charles Brabin",
    "synonyms": [
      "Charles Brabin"
    ]
  },
  {
    "value": "Robert N Bradbury",
    "synonyms": [
      "Robert N Bradbury"
    ]
  },
  {
    "value": "John Brahm",
    "synonyms": [
      "John Brahm"
    ]
  },
  {
    "value": "Stan Brakhage",
    "synonyms": [
      "Stan Brakhage"
    ]
  },
  {
    "value": "AV Bramble",
    "synonyms": [
      "AV Bramble"
    ]
  },
  {
    "value": "Kenneth Branagh",
    "synonyms": [
      "Kenneth Branagh"
    ]
  },
  {
    "value": "Christy Cabanne",
    "synonyms": [
      "Christy Cabanne"
    ]
  },
  {
    "value": "Michael Cacoyannis",
    "synonyms": [
      "Michael Cacoyannis"
    ]
  },
  {
    "value": "Israel Adrián Caetano",
    "synonyms": [
      "Israel Adrián Caetano"
    ]
  },
  {
    "value": "Nicolas Cage",
    "synonyms": [
      "Nicolas Cage"
    ]
  },
  {
    "value": "Mike Cahill",
    "synonyms": [
      "Mike Cahill"
    ]
  },
  {
    "value": "Edward L Cahn",
    "synonyms": [
      "Edward L Cahn"
    ]
  },
  {
    "value": "James Cameron",
    "synonyms": [
      "James Cameron"
    ]
  },
  {
    "value": "Donald Cammell",
    "synonyms": [
      "Donald Cammell"
    ]
  },
  {
    "value": "Joe Camp",
    "synonyms": [
      "Joe Camp"
    ]
  },
  {
    "value": "Juan José Campanella",
    "synonyms": [
      "Juan José Campanella"
    ]
  },
  {
    "value": "Colin Campbell",
    "synonyms": [
      "Colin Campbell"
    ]
  },
  {
    "value": "Martin Campbell",
    "synonyms": [
      "Martin Campbell"
    ]
  },
  {
    "value": "Jane Campion",
    "synonyms": [
      "Jane Campion"
    ]
  },
  {
    "value": "Danny Cannon",
    "synonyms": [
      "Danny Cannon"
    ]
  },
  {
    "value": "Dyan Cannon",
    "synonyms": [
      "Dyan Cannon"
    ]
  },
  {
    "value": "Graham Cantwell",
    "synonyms": [
      "Graham Cantwell"
    ]
  },
  {
    "value": "Albert Capellani",
    "synonyms": [
      "Albert Capellani"
    ]
  },
  {
    "value": "Frank Capra",
    "synonyms": [
      "Frank Capra"
    ]
  },
  {
    "value": "Leos Carax",
    "synonyms": [
      "Leos Carax"
    ]
  },
  {
    "value": "Marcel Carné",
    "synonyms": [
      "Marcel Carné"
    ]
  },
  {
    "value": "Marc Caro",
    "synonyms": [
      "Marc Caro"
    ]
  },
  {
    "value": "Niki Caro",
    "synonyms": [
      "Niki Caro"
    ]
  },
  {
    "value": "John Carpenter",
    "synonyms": [
      "John Carpenter"
    ]
  },
  {
    "value": "Thomas Carr",
    "synonyms": [
      "Thomas Carr"
    ]
  },
  {
    "value": "Enrique Carreras",
    "synonyms": [
      "Enrique Carreras"
    ]
  },
  {
    "value": "John Paddy Carstairs",
    "synonyms": [
      "John Paddy Carstairs"
    ]
  },
  {
    "value": "DJ Caruso",
    "synonyms": [
      "DJ Caruso"
    ]
  },
  {
    "value": "John Cassavetes",
    "synonyms": [
      "John Cassavetes"
    ]
  },
  {
    "value": "Nick Cassavetes",
    "synonyms": [
      "Nick Cassavetes"
    ]
  },
  {
    "value": "P J Castellaneta",
    "synonyms": [
      "P J Castellaneta"
    ]
  },
  {
    "value": "William Castle",
    "synonyms": [
      "William Castle"
    ]
  },
  {
    "value": "Michael Caton-Jones",
    "synonyms": [
      "Michael Caton-Jones"
    ]
  },
  {
    "value": "Peter Cattaneo",
    "synonyms": [
      "Peter Cattaneo"
    ]
  },
  {
    "value": "Alberto Cavalcanti",
    "synonyms": [
      "Alberto Cavalcanti"
    ]
  },
  {
    "value": "Liliana Cavani",
    "synonyms": [
      "Liliana Cavani"
    ]
  },
  {
    "value": "André Cayatte",
    "synonyms": [
      "André Cayatte"
    ]
  },
  {
    "value": "Ralph Ceder",
    "synonyms": [
      "Ralph Ceder"
    ]
  },
  {
    "value": "Jeff Celentano",
    "synonyms": [
      "Jeff Celentano"
    ]
  },
  {
    "value": "Nuri Bilge Ceylan",
    "synonyms": [
      "Nuri Bilge Ceylan"
    ]
  },
  {
    "value": "Claude Chabrol",
    "synonyms": [
      "Claude Chabrol"
    ]
  },
  {
    "value": "Gurinder Chadha",
    "synonyms": [
      "Gurinder Chadha"
    ]
  },
  {
    "value": "Don Chaffey",
    "synonyms": [
      "Don Chaffey"
    ]
  },
  {
    "value": "Youssef Chahine",
    "synonyms": [
      "Youssef Chahine"
    ]
  },
  {
    "value": "Fruit Chan",
    "synonyms": [
      "Fruit Chan"
    ]
  },
  {
    "value": "Jackie Chan",
    "synonyms": [
      "Jackie Chan"
    ]
  },
  {
    "value": "Peter Chan",
    "synonyms": [
      "Peter Chan"
    ]
  },
  {
    "value": "Charlie Chaplin",
    "synonyms": [
      "Charlie Chaplin"
    ]
  },
  {
    "value": "Charley Chase",
    "synonyms": [
      "Charley Chase"
    ]
  },
  {
    "value": "Émile Chautard",
    "synonyms": [
      "Émile Chautard"
    ]
  },
  {
    "value": "Jeremiah S Chechik",
    "synonyms": [
      "Jeremiah S Chechik"
    ]
  },
  {
    "value": "Peter Chelsom",
    "synonyms": [
      "Peter Chelsom"
    ]
  },
  {
    "value": "Kaige Chen",
    "synonyms": [
      "Kaige Chen"
    ]
  },
  {
    "value": "Pierre Chenal",
    "synonyms": [
      "Pierre Chenal"
    ]
  },
  {
    "value": "Pierre Chevalier",
    "synonyms": [
      "Pierre Chevalier"
    ]
  },
  {
    "value": "Abigail Child",
    "synonyms": [
      "Abigail Child"
    ]
  },
  {
    "value": "Ching Siu-Tung",
    "synonyms": [
      "Ching Siu-Tung"
    ]
  },
  {
    "value": "Samson Chiu",
    "synonyms": [
      "Samson Chiu"
    ]
  },
  {
    "value": "Lisa Cholodenko",
    "synonyms": [
      "Lisa Cholodenko"
    ]
  },
  {
    "value": "Yash Chopra",
    "synonyms": [
      "Yash Chopra"
    ]
  },
  {
    "value": "Chor Yuen",
    "synonyms": [
      "Chor Yuen"
    ]
  },
  {
    "value": "Stephen Chow",
    "synonyms": [
      "Stephen Chow"
    ]
  },
  {
    "value": "Benjamin Christensen",
    "synonyms": [
      "Benjamin Christensen"
    ]
  },
  {
    "value": "Roger Christian",
    "synonyms": [
      "Roger Christian"
    ]
  },
  {
    "value": "Christian-Jaque",
    "synonyms": [
      "Christian-Jaque"
    ]
  },
  {
    "value": "Rich Christiano",
    "synonyms": [
      "Rich Christiano"
    ]
  },
  {
    "value": "Dimitris Kremastiotis",
    "synonyms": [
      "Dimitris Kremastiotis"
    ]
  },
  {
    "value": "Debarun Pal",
    "synonyms": [
      "Debarun Pal"
    ]
  },
  {
    "value": "Joe D Amato",
    "synonyms": [
      "Joe D Amato"
    ]
  },
  {
    "value": "Diminas Dagogo",
    "synonyms": [
      "Diminas Dagogo"
    ]
  },
  {
    "value": "John Dahl",
    "synonyms": [
      "John Dahl"
    ]
  },
  {
    "value": "Georgi Daneliya",
    "synonyms": [
      "Georgi Daneliya"
    ]
  },
  {
    "value": "Frank Daniel",
    "synonyms": [
      "Frank Daniel"
    ]
  },
  {
    "value": "Lee Daniels",
    "synonyms": [
      "Lee Daniels"
    ]
  },
  {
    "value": "Joe Dante",
    "synonyms": [
      "Joe Dante"
    ]
  },
  {
    "value": "Frank Darabont",
    "synonyms": [
      "Frank Darabont"
    ]
  },
  {
    "value": "Harry d Abbadie d Arrast",
    "synonyms": [
      "Harry d Abbadie d Arrast"
    ]
  },
  {
    "value": "Jules Dassin",
    "synonyms": [
      "Jules Dassin"
    ]
  },
  {
    "value": "Hayato Date",
    "synonyms": [
      "Hayato Date"
    ]
  },
  {
    "value": "Byambasuren Davaa",
    "synonyms": [
      "Byambasuren Davaa"
    ]
  },
  {
    "value": "Delmer Daves",
    "synonyms": [
      "Delmer Daves"
    ]
  },
  {
    "value": "Alki David",
    "synonyms": [
      "Alki David"
    ]
  },
  {
    "value": "Terence Davies",
    "synonyms": [
      "Terence Davies"
    ]
  },
  {
    "value": "Andrew Davis",
    "synonyms": [
      "Andrew Davis"
    ]
  },
  {
    "value": "Ossie Davis",
    "synonyms": [
      "Ossie Davis"
    ]
  },
  {
    "value": "Tamra Davis",
    "synonyms": [
      "Tamra Davis"
    ]
  },
  {
    "value": "J Searle Dawley",
    "synonyms": [
      "J Searle Dawley"
    ]
  },
  {
    "value": "Jonathan Dayton",
    "synonyms": [
      "Jonathan Dayton"
    ]
  },
  {
    "value": "Basil Dean",
    "synonyms": [
      "Basil Dean"
    ]
  },
  {
    "value": "Basil Dearden",
    "synonyms": [
      "Basil Dearden"
    ]
  },
  {
    "value": "Tiffanie DeBartolo",
    "synonyms": [
      "Tiffanie DeBartolo"
    ]
  },
  {
    "value": "Jan de Bont",
    "synonyms": [
      "Jan de Bont"
    ]
  },
  {
    "value": "Philippe de Broca",
    "synonyms": [
      "Philippe de Broca"
    ]
  },
  {
    "value": "Fred de Cordova",
    "synonyms": [
      "Fred de Cordova"
    ]
  },
  {
    "value": "Albert de Courville",
    "synonyms": [
      "Albert de Courville"
    ]
  },
  {
    "value": "Rolf de Heer",
    "synonyms": [
      "Rolf de Heer"
    ]
  },
  {
    "value": "Alex De La Iglesia",
    "synonyms": [
      "Alex De La Iglesia"
    ]
  },
  {
    "value": "Jean Delannoy",
    "synonyms": [
      "Jean Delannoy"
    ]
  },
  {
    "value": "Hampton Del Ruth",
    "synonyms": [
      "Hampton Del Ruth"
    ]
  },
  {
    "value": "Roy Del Ruth",
    "synonyms": [
      "Roy Del Ruth"
    ]
  },
  {
    "value": "Guillermo del Toro",
    "synonyms": [
      "Guillermo del Toro"
    ]
  },
  {
    "value": "Cecil B DeMille",
    "synonyms": [
      "Cecil B DeMille"
    ]
  },
  {
    "value": "William C deMille",
    "synonyms": [
      "William C deMille"
    ]
  },
  {
    "value": "Jonathan Demme",
    "synonyms": [
      "Jonathan Demme"
    ]
  },
  {
    "value": "Ted Demme",
    "synonyms": [
      "Ted Demme"
    ]
  },
  {
    "value": "Jacques Demy",
    "synonyms": [
      "Jacques Demy"
    ]
  },
  {
    "value": "Reginald Denham",
    "synonyms": [
      "Reginald Denham"
    ]
  },
  {
    "value": "Robert De Niro",
    "synonyms": [
      "Robert De Niro"
    ]
  },
  {
    "value": "Claire Denis",
    "synonyms": [
      "Claire Denis"
    ]
  },
  {
    "value": "Pen Densham",
    "synonyms": [
      "Pen Densham"
    ]
  },
  {
    "value": "Ruggero Deodato",
    "synonyms": [
      "Ruggero Deodato"
    ]
  },
  {
    "value": "Manoel de Oliveira",
    "synonyms": [
      "Manoel de Oliveira"
    ]
  },
  {
    "value": "Brian De Palma",
    "synonyms": [
      "Brian De Palma"
    ]
  },
  {
    "value": "Serge de Poligny",
    "synonyms": [
      "Serge de Poligny"
    ]
  },
  {
    "value": "Johnny Depp",
    "synonyms": [
      "Johnny Depp"
    ]
  },
  {
    "value": "John Derek",
    "synonyms": [
      "John Derek"
    ]
  },
  {
    "value": "Maya Deren",
    "synonyms": [
      "Maya Deren"
    ]
  },
  {
    "value": "B Reeves Eason",
    "synonyms": [
      "B Reeves Eason"
    ]
  },
  {
    "value": "Clint Eastwood",
    "synonyms": [
      "Clint Eastwood"
    ]
  },
  {
    "value": "Uli Edel",
    "synonyms": [
      "Uli Edel"
    ]
  },
  {
    "value": "Blake Edwards",
    "synonyms": [
      "Blake Edwards"
    ]
  },
  {
    "value": "Gareth Edwards",
    "synonyms": [
      "Gareth Edwards"
    ]
  },
  {
    "value": "Harry Edwards",
    "synonyms": [
      "Harry Edwards"
    ]
  },
  {
    "value": "Atom Egoyan",
    "synonyms": [
      "Atom Egoyan"
    ]
  },
  {
    "value": "Sergei Eisenstein",
    "synonyms": [
      "Sergei Eisenstein"
    ]
  },
  {
    "value": "Richard Elfman",
    "synonyms": [
      "Richard Elfman"
    ]
  },
  {
    "value": "Stephan Elliott",
    "synonyms": [
      "Stephan Elliott"
    ]
  },
  {
    "value": "Robert Ellis",
    "synonyms": [
      "Robert Ellis"
    ]
  },
  {
    "value": "Maurice Elvey",
    "synonyms": [
      "Maurice Elvey"
    ]
  },
  {
    "value": "John Emerson",
    "synonyms": [
      "John Emerson"
    ]
  },
  {
    "value": "Roland Emmerich",
    "synonyms": [
      "Roland Emmerich"
    ]
  },
  {
    "value": "Peter Faiman",
    "synonyms": [
      "Peter Faiman"
    ]
  },
  {
    "value": "James Fargo",
    "synonyms": [
      "James Fargo"
    ]
  },
  {
    "value": "Harun Farocki",
    "synonyms": [
      "Harun Farocki"
    ]
  },
  {
    "value": "Asghar Farhadi",
    "synonyms": [
      "Asghar Farhadi"
    ]
  },
  {
    "value": "Valerie Faris",
    "synonyms": [
      "Valerie Faris"
    ]
  },
  {
    "value": "Farrelly brothers",
    "synonyms": [
      "Farrelly brothers"
    ]
  },
  {
    "value": "John Farrow",
    "synonyms": [
      "John Farrow"
    ]
  },
  {
    "value": "Rainer Werner Fassbinder",
    "synonyms": [
      "Rainer Werner Fassbinder"
    ]
  },
  {
    "value": "Jon Favreau",
    "synonyms": [
      "Jon Favreau"
    ]
  },
  {
    "value": "Fei Mu",
    "synonyms": [
      "Fei Mu"
    ]
  },
  {
    "value": "Paul Fejos",
    "synonyms": [
      "Paul Fejos"
    ]
  },
  {
    "value": "Federico Fellini",
    "synonyms": [
      "Federico Fellini"
    ]
  },
  {
    "value": "Emilio Fernández",
    "synonyms": [
      "Emilio Fernández"
    ]
  },
  {
    "value": "Abel Ferrara",
    "synonyms": [
      "Abel Ferrara"
    ]
  },
  {
    "value": "Marco Ferreri",
    "synonyms": [
      "Marco Ferreri"
    ]
  },
  {
    "value": "Giorgio Ferroni",
    "synonyms": [
      "Giorgio Ferroni"
    ]
  },
  {
    "value": "Louis Feuillade",
    "synonyms": [
      "Louis Feuillade"
    ]
  },
  {
    "value": "Jacques Feyder",
    "synonyms": [
      "Jacques Feyder"
    ]
  },
  {
    "value": "Sally Field",
    "synonyms": [
      "Sally Field"
    ]
  },
  {
    "value": "Todd Field",
    "synonyms": [
      "Todd Field"
    ]
  },
  {
    "value": "Mike Figgis",
    "synonyms": [
      "Mike Figgis"
    ]
  },
  {
    "value": "David Fincher",
    "synonyms": [
      "David Fincher"
    ]
  },
  {
    "value": "Terence Fisher",
    "synonyms": [
      "Terence Fisher"
    ]
  },
  {
    "value": "Dallas M Fitzgerald",
    "synonyms": [
      "Dallas M Fitzgerald"
    ]
  },
  {
    "value": "George Fitzmaurice",
    "synonyms": [
      "George Fitzmaurice"
    ]
  },
  {
    "value": "Robert J Flaherty",
    "synonyms": [
      "Robert J Flaherty"
    ]
  },
  {
    "value": "Richard Fleischer",
    "synonyms": [
      "Richard Fleischer"
    ]
  },
  {
    "value": "Victor Fleming",
    "synonyms": [
      "Victor Fleming"
    ]
  },
  {
    "value": "Benedek Fliegauf",
    "synonyms": [
      "Benedek Fliegauf"
    ]
  },
  {
    "value": "James Flood",
    "synonyms": [
      "James Flood"
    ]
  },
  {
    "value": "Robert Florey",
    "synonyms": [
      "Robert Florey"
    ]
  },
  {
    "value": "Emmett J Flynn",
    "synonyms": [
      "Emmett J Flynn"
    ]
  },
  {
    "value": "James Foley",
    "synonyms": [
      "James Foley"
    ]
  },
  {
    "value": "Jorge Fons",
    "synonyms": [
      "Jorge Fons"
    ]
  },
  {
    "value": "Jeremy J Ford",
    "synonyms": [
      "Jeremy J Ford"
    ]
  },
  {
    "value": "John Ford",
    "synonyms": [
      "John Ford"
    ]
  },
  {
    "value": "Philip Ford",
    "synonyms": [
      "Philip Ford"
    ]
  },
  {
    "value": "Eugene Forde",
    "synonyms": [
      "Eugene Forde"
    ]
  },
  {
    "value": "Miloš Forman",
    "synonyms": [
      "Miloš Forman"
    ]
  },
  {
    "value": "Tom Forman",
    "synonyms": [
      "Tom Forman"
    ]
  },
  {
    "value": "Béla Gaál",
    "synonyms": [
      "Béla Gaál"
    ]
  },
  {
    "value": "Leonid Gaidai",
    "synonyms": [
      "Leonid Gaidai"
    ]
  },
  {
    "value": "Alex Galvin",
    "synonyms": [
      "Alex Galvin"
    ]
  },
  {
    "value": "Harry Gamboa Jr",
    "synonyms": [
      "Harry Gamboa Jr"
    ]
  },
  {
    "value": "Abel Gance",
    "synonyms": [
      "Abel Gance"
    ]
  },
  {
    "value": "Christophe Gans",
    "synonyms": [
      "Christophe Gans"
    ]
  },
  {
    "value": "Dennis Gansel",
    "synonyms": [
      "Dennis Gansel"
    ]
  },
  {
    "value": "Carla Garapedian",
    "synonyms": [
      "Carla Garapedian"
    ]
  },
  {
    "value": "Tay Garnett",
    "synonyms": [
      "Tay Garnett"
    ]
  },
  {
    "value": "Philippe Garrel",
    "synonyms": [
      "Philippe Garrel"
    ]
  },
  {
    "value": "William Garwood",
    "synonyms": [
      "William Garwood"
    ]
  },
  {
    "value": "Louis J Gasnier",
    "synonyms": [
      "Louis J Gasnier"
    ]
  },
  {
    "value": "Tony Gatlif",
    "synonyms": [
      "Tony Gatlif"
    ]
  },
  {
    "value": "Nils Gaup",
    "synonyms": [
      "Nils Gaup"
    ]
  },
  {
    "value": "Roberto Gavaldón",
    "synonyms": [
      "Roberto Gavaldón"
    ]
  },
  {
    "value": "Barrie Gavin",
    "synonyms": [
      "Barrie Gavin"
    ]
  },
  {
    "value": "Jean Genet",
    "synonyms": [
      "Jean Genet"
    ]
  },
  {
    "value": "Giacomo Gentilomo",
    "synonyms": [
      "Giacomo Gentilomo"
    ]
  },
  {
    "value": "Aleksei German",
    "synonyms": [
      "Aleksei German"
    ]
  },
  {
    "value": "Pietro Germi",
    "synonyms": [
      "Pietro Germi"
    ]
  },
  {
    "value": "Clyde Geronimi",
    "synonyms": [
      "Clyde Geronimi"
    ]
  },
  {
    "value": "Kurt Gerron",
    "synonyms": [
      "Kurt Gerron"
    ]
  },
  {
    "value": "Douchan Gersi",
    "synonyms": [
      "Douchan Gersi"
    ]
  },
  {
    "value": "Viktor Gertler",
    "synonyms": [
      "Viktor Gertler"
    ]
  },
  {
    "value": "Subhash Ghai",
    "synonyms": [
      "Subhash Ghai"
    ]
  },
  {
    "value": "Ritwik Ghatak",
    "synonyms": [
      "Ritwik Ghatak"
    ]
  },
  {
    "value": "Bahman Ghobadi",
    "synonyms": [
      "Bahman Ghobadi"
    ]
  },
  {
    "value": "Charles Giblyn",
    "synonyms": [
      "Charles Giblyn"
    ]
  },
  {
    "value": "Mel Gibson",
    "synonyms": [
      "Mel Gibson"
    ]
  },
  {
    "value": "John Gilbert",
    "synonyms": [
      "John Gilbert"
    ]
  },
  {
    "value": "Lewis Gilbert",
    "synonyms": [
      "Lewis Gilbert"
    ]
  },
  {
    "value": "David Giler",
    "synonyms": [
      "David Giler"
    ]
  },
  {
    "value": "Stuart Gillard",
    "synonyms": [
      "Stuart Gillard"
    ]
  },
  {
    "value": "Terry Gilliam",
    "synonyms": [
      "Terry Gilliam"
    ]
  },
  {
    "value": "Arvid E Gillstrom",
    "synonyms": [
      "Arvid E Gillstrom"
    ]
  },
  {
    "value": "Marino Girolami",
    "synonyms": [
      "Marino Girolami"
    ]
  },
  {
    "value": "Pavel Giroud",
    "synonyms": [
      "Pavel Giroud"
    ]
  },
  {
    "value": "Amos Gitai",
    "synonyms": [
      "Amos Gitai"
    ]
  },
  {
    "value": "Jonathan Glazer",
    "synonyms": [
      "Jonathan Glazer"
    ]
  },
  {
    "value": "Peter Glenville",
    "synonyms": [
      "Peter Glenville"
    ]
  },
  {
    "value": "Jean-Luc Godard",
    "synonyms": [
      "Jean-Luc Godard"
    ]
  },
  {
    "value": "Kamal Haasan",
    "synonyms": [
      "Kamal Haasan"
    ]
  },
  {
    "value": "Taylor Hackford",
    "synonyms": [
      "Taylor Hackford"
    ]
  },
  {
    "value": "Tala Hadid",
    "synonyms": [
      "Tala Hadid"
    ]
  },
  {
    "value": "Lucile Hadžihalilović",
    "synonyms": [
      "Lucile Hadžihalilović"
    ]
  },
  {
    "value": "Piers Haggard",
    "synonyms": [
      "Piers Haggard"
    ]
  },
  {
    "value": "Paul Haggis",
    "synonyms": [
      "Paul Haggis"
    ]
  },
  {
    "value": "Larry Hagman",
    "synonyms": [
      "Larry Hagman"
    ]
  },
  {
    "value": "Alexander Hall",
    "synonyms": [
      "Alexander Hall"
    ]
  },
  {
    "value": "Lasse Hallström",
    "synonyms": [
      "Lasse Hallström"
    ]
  },
  {
    "value": "Victor Hugo Halperin",
    "synonyms": [
      "Victor Hugo Halperin"
    ]
  },
  {
    "value": "Gary Halvorson",
    "synonyms": [
      "Gary Halvorson"
    ]
  },
  {
    "value": "Bent Hamer",
    "synonyms": [
      "Bent Hamer"
    ]
  },
  {
    "value": "Robert Hamer",
    "synonyms": [
      "Robert Hamer"
    ]
  },
  {
    "value": "Guy Hamilton",
    "synonyms": [
      "Guy Hamilton"
    ]
  },
  {
    "value": "Victor Hanbury",
    "synonyms": [
      "Victor Hanbury"
    ]
  },
  {
    "value": "John D Hancock",
    "synonyms": [
      "John D Hancock"
    ]
  },
  {
    "value": "Michael Haneke",
    "synonyms": [
      "Michael Haneke"
    ]
  },
  {
    "value": "Tom Hanks",
    "synonyms": [
      "Tom Hanks"
    ]
  },
  {
    "value": "Curtis Hanson",
    "synonyms": [
      "Curtis Hanson"
    ]
  },
  {
    "value": "Geir Hansteen Jörgensen",
    "synonyms": [
      "Geir Hansteen Jörgensen"
    ]
  },
  {
    "value": "Catherine Hardwicke",
    "synonyms": [
      "Catherine Hardwicke"
    ]
  },
  {
    "value": "Renny Harlin",
    "synonyms": [
      "Renny Harlin"
    ]
  },
  {
    "value": "Mary Harron",
    "synonyms": [
      "Mary Harron"
    ]
  },
  {
    "value": "Hal Hartley",
    "synonyms": [
      "Hal Hartley"
    ]
  },
  {
    "value": "Anthony Harvey",
    "synonyms": [
      "Anthony Harvey"
    ]
  },
  {
    "value": "Herk Harvey",
    "synonyms": [
      "Herk Harvey"
    ]
  },
  {
    "value": "Jack Harvey",
    "synonyms": [
      "Jack Harvey"
    ]
  },
  {
    "value": "Wojciech Has",
    "synonyms": [
      "Wojciech Has"
    ]
  },
  {
    "value": "Henry Hathaway",
    "synonyms": [
      "Henry Hathaway"
    ]
  },
  {
    "value": "Howard Hawks",
    "synonyms": [
      "Howard Hawks"
    ]
  },
  {
    "value": "Will Hay",
    "synonyms": [
      "Will Hay"
    ]
  },
  {
    "value": "Salma Hayek",
    "synonyms": [
      "Salma Hayek"
    ]
  },
  {
    "value": "David Hayman",
    "synonyms": [
      "David Hayman"
    ]
  },
  {
    "value": "Todd Haynes",
    "synonyms": [
      "Todd Haynes"
    ]
  },
  {
    "value": "Victor Heerman",
    "synonyms": [
      "Victor Heerman"
    ]
  },
  {
    "value": "Stuart Heisler",
    "synonyms": [
      "Stuart Heisler"
    ]
  },
  {
    "value": "Brian Helgeland",
    "synonyms": [
      "Brian Helgeland"
    ]
  },
  {
    "value": "Monte Hellman",
    "synonyms": [
      "Monte Hellman"
    ]
  },
  {
    "value": "Michael Ffish Hemschoot",
    "synonyms": [
      "Michael Ffish Hemschoot"
    ]
  },
  {
    "value": "Joseph Henabery",
    "synonyms": [
      "Joseph Henabery"
    ]
  },
  {
    "value": "Florian Henckel von Donnersmarck",
    "synonyms": [
      "Florian Henckel von Donnersmarck"
    ]
  },
  {
    "value": "Dell Henderson",
    "synonyms": [
      "Dell Henderson"
    ]
  },
  {
    "value": "Frank Henenlotter",
    "synonyms": [
      "Frank Henenlotter"
    ]
  },
  {
    "value": "Hobart Henley",
    "synonyms": [
      "Hobart Henley"
    ]
  },
  {
    "value": "Brian Henson",
    "synonyms": [
      "Brian Henson"
    ]
  },
  {
    "value": "Jim Henson",
    "synonyms": [
      "Jim Henson"
    ]
  },
  {
    "value": "Perry Henzell",
    "synonyms": [
      "Perry Henzell"
    ]
  },
  {
    "value": "Stephen Herek",
    "synonyms": [
      "Stephen Herek"
    ]
  },
  {
    "value": "Michael Herz",
    "synonyms": [
      "Michael Herz"
    ]
  },
  {
    "value": "Werner Herzog",
    "synonyms": [
      "Werner Herzog"
    ]
  },
  {
    "value": "Zako Heskiya",
    "synonyms": [
      "Zako Heskiya"
    ]
  },
  {
    "value": "Jared Hess",
    "synonyms": [
      "Jared Hess"
    ]
  },
  {
    "value": "Jerusha Hess",
    "synonyms": [
      "Jerusha Hess"
    ]
  },
  {
    "value": "Jennifer Love Hewitt",
    "synonyms": [
      "Jennifer Love Hewitt"
    ]
  },
  {
    "value": "David Hewlett",
    "synonyms": [
      "David Hewlett"
    ]
  },
  {
    "value": "Kon Ichikawa",
    "synonyms": [
      "Kon Ichikawa"
    ]
  },
  {
    "value": "Im Kwon-Taek",
    "synonyms": [
      "Im Kwon-Taek"
    ]
  },
  {
    "value": "Shōhei Imamura",
    "synonyms": [
      "Shōhei Imamura"
    ]
  },
  {
    "value": "Hiroshi Inagaki",
    "synonyms": [
      "Hiroshi Inagaki"
    ]
  },
  {
    "value": "John Ince",
    "synonyms": [
      "John Ince"
    ]
  },
  {
    "value": "Ralph Ince",
    "synonyms": [
      "Ralph Ince"
    ]
  },
  {
    "value": "Thomas H Ince",
    "synonyms": [
      "Thomas H Ince"
    ]
  },
  {
    "value": "Jacques Jaccard",
    "synonyms": [
      "Jacques Jaccard"
    ]
  },
  {
    "value": "Mick Jackson",
    "synonyms": [
      "Mick Jackson"
    ]
  },
  {
    "value": "Peter Jackson",
    "synonyms": [
      "Peter Jackson"
    ]
  },
  {
    "value": "Sarah Jacobson",
    "synonyms": [
      "Sarah Jacobson"
    ]
  },
  {
    "value": "Henry Jaglom",
    "synonyms": [
      "Henry Jaglom"
    ]
  },
  {
    "value": "Alan James",
    "synonyms": [
      "Alan James"
    ]
  },
  {
    "value": "Steve James",
    "synonyms": [
      "Steve James"
    ]
  },
  {
    "value": "Jami",
    "synonyms": [
      "Jami"
    ]
  },
  {
    "value": "Miklós Jancsó",
    "synonyms": [
      "Miklós Jancsó"
    ]
  },
  {
    "value": "Jang Joon-hwan",
    "synonyms": [
      "Jang Joon-hwan"
    ]
  },
  {
    "value": "Derek Jarman",
    "synonyms": [
      "Derek Jarman"
    ]
  },
  {
    "value": "Jim Jarmusch",
    "synonyms": [
      "Jim Jarmusch"
    ]
  },
  {
    "value": "Charles Jarrott",
    "synonyms": [
      "Charles Jarrott"
    ]
  },
  {
    "value": "Risto Jarva",
    "synonyms": [
      "Risto Jarva"
    ]
  },
  {
    "value": "Leigh Jason",
    "synonyms": [
      "Leigh Jason"
    ]
  },
  {
    "value": "Louis Jean",
    "synonyms": [
      "Louis Jean"
    ]
  },
  {
    "value": "Garth Jennings",
    "synonyms": [
      "Garth Jennings"
    ]
  },
  {
    "value": "Humphrey Jennings",
    "synonyms": [
      "Humphrey Jennings"
    ]
  },
  {
    "value": "Dallas Jenkins",
    "synonyms": [
      "Dallas Jenkins"
    ]
  },
  {
    "value": "Patty Jenkins",
    "synonyms": [
      "Patty Jenkins"
    ]
  },
  {
    "value": "Jean-Pierre Jeunet",
    "synonyms": [
      "Jean-Pierre Jeunet"
    ]
  },
  {
    "value": "Norman Jewison",
    "synonyms": [
      "Norman Jewison"
    ]
  },
  {
    "value": "Jia Zhangke",
    "synonyms": [
      "Jia Zhangke"
    ]
  },
  {
    "value": "Jiang Wen",
    "synonyms": [
      "Jiang Wen"
    ]
  },
  {
    "value": "Jaromil Jireš",
    "synonyms": [
      "Jaromil Jireš"
    ]
  },
  {
    "value": "Phil Joanou",
    "synonyms": [
      "Phil Joanou"
    ]
  },
  {
    "value": "Karel Kachyňa",
    "synonyms": [
      "Karel Kachyňa"
    ]
  },
  {
    "value": "Jeremy Kagan",
    "synonyms": [
      "Jeremy Kagan"
    ]
  },
  {
    "value": "Mauricio Kagel",
    "synonyms": [
      "Mauricio Kagel"
    ]
  },
  {
    "value": "Mikhail Kalatozov",
    "synonyms": [
      "Mikhail Kalatozov"
    ]
  },
  {
    "value": "Kamal",
    "synonyms": [
      "Kamal"
    ]
  },
  {
    "value": "Sekhar Kammula",
    "synonyms": [
      "Sekhar Kammula"
    ]
  },
  {
    "value": "Deborah Kampmeier",
    "synonyms": [
      "Deborah Kampmeier"
    ]
  },
  {
    "value": "Puttanna Kanagal",
    "synonyms": [
      "Puttanna Kanagal"
    ]
  },
  {
    "value": "Joseph Kane",
    "synonyms": [
      "Joseph Kane"
    ]
  },
  {
    "value": "Garson Kanin",
    "synonyms": [
      "Garson Kanin"
    ]
  },
  {
    "value": "Jonathan Kaplan",
    "synonyms": [
      "Jonathan Kaplan"
    ]
  },
  {
    "value": "Raj Kapoor",
    "synonyms": [
      "Raj Kapoor"
    ]
  },
  {
    "value": "Shekhar Kapur",
    "synonyms": [
      "Shekhar Kapur"
    ]
  },
  {
    "value": "Pekka Karjalainen",
    "synonyms": [
      "Pekka Karjalainen"
    ]
  },
  {
    "value": "Phil Karlson",
    "synonyms": [
      "Phil Karlson"
    ]
  },
  {
    "value": "Roman Karmen",
    "synonyms": [
      "Roman Karmen"
    ]
  },
  {
    "value": "Jake Kasdan",
    "synonyms": [
      "Jake Kasdan"
    ]
  },
  {
    "value": "Lawrence Kasdan",
    "synonyms": [
      "Lawrence Kasdan"
    ]
  },
  {
    "value": "Mathieu Kassovitz",
    "synonyms": [
      "Mathieu Kassovitz"
    ]
  },
  {
    "value": "Aaron Katz",
    "synonyms": [
      "Aaron Katz"
    ]
  },
  {
    "value": "Lloyd Kaufman",
    "synonyms": [
      "Lloyd Kaufman"
    ]
  },
  {
    "value": "Philip Kaufman",
    "synonyms": [
      "Philip Kaufman"
    ]
  },
  {
    "value": "Aki Kaurismäki",
    "synonyms": [
      "Aki Kaurismäki"
    ]
  },
  {
    "value": "Mika Kaurismäki",
    "synonyms": [
      "Mika Kaurismäki"
    ]
  },
  {
    "value": "Helmut Käutner",
    "synonyms": [
      "Helmut Käutner"
    ]
  },
  {
    "value": "Jerzy Kawalerowicz",
    "synonyms": [
      "Jerzy Kawalerowicz"
    ]
  },
  {
    "value": "Tony Kaye",
    "synonyms": [
      "Tony Kaye"
    ]
  },
  {
    "value": "Elia Kazan",
    "synonyms": [
      "Elia Kazan"
    ]
  },
  {
    "value": "Mithaq Kazimi",
    "synonyms": [
      "Mithaq Kazimi"
    ]
  },
  {
    "value": "Buster Keaton",
    "synonyms": [
      "Buster Keaton"
    ]
  },
  {
    "value": "Abdellatif Kechiche",
    "synonyms": [
      "Abdellatif Kechiche"
    ]
  },
  {
    "value": "William Keighley",
    "synonyms": [
      "William Keighley"
    ]
  },
  {
    "value": "Frederick King Keller",
    "synonyms": [
      "Frederick King Keller"
    ]
  },
  {
    "value": "Harry Keller",
    "synonyms": [
      "Harry Keller"
    ]
  },
  {
    "value": "David Kellogg",
    "synonyms": [
      "David Kellogg"
    ]
  },
  {
    "value": "Gene Kelly",
    "synonyms": [
      "Gene Kelly"
    ]
  },
  {
    "value": "Richard Kelly",
    "synonyms": [
      "Richard Kelly"
    ]
  },
  {
    "value": "Alex Kendrick",
    "synonyms": [
      "Alex Kendrick"
    ]
  },
  {
    "value": "Erle C Kenton",
    "synonyms": [
      "Erle C Kenton"
    ]
  },
  {
    "value": "Robert P Kerr",
    "synonyms": [
      "Robert P Kerr"
    ]
  },
  {
    "value": "Irvin Kershner",
    "synonyms": [
      "Irvin Kershner"
    ]
  },
  {
    "value": "James Kerwin",
    "synonyms": [
      "James Kerwin"
    ]
  },
  {
    "value": "Abbas Kiarostami",
    "synonyms": [
      "Abbas Kiarostami"
    ]
  },
  {
    "value": "Krzysztof Kieślowski",
    "synonyms": [
      "Krzysztof Kieślowski"
    ]
  },
  {
    "value": "Kim Jee-woon",
    "synonyms": [
      "Kim Jee-woon"
    ]
  },
  {
    "value": "Kim Ki-duk",
    "synonyms": [
      "Kim Ki-duk"
    ]
  },
  {
    "value": "John La Bouchardiere",
    "synonyms": [
      "John La Bouchardiere"
    ]
  },
  {
    "value": "Nadine Labaki",
    "synonyms": [
      "Nadine Labaki"
    ]
  },
  {
    "value": "Neil LaBute",
    "synonyms": [
      "Neil LaBute"
    ]
  },
  {
    "value": "Gregory La Cava",
    "synonyms": [
      "Gregory La Cava"
    ]
  },
  {
    "value": "Harry Lachman",
    "synonyms": [
      "Harry Lachman"
    ]
  },
  {
    "value": "Edward Laemmle",
    "synonyms": [
      "Edward Laemmle"
    ]
  },
  {
    "value": "René Laloux",
    "synonyms": [
      "René Laloux"
    ]
  },
  {
    "value": "Ringo Lam",
    "synonyms": [
      "Ringo Lam"
    ]
  },
  {
    "value": "Charles Lamont",
    "synonyms": [
      "Charles Lamont"
    ]
  },
  {
    "value": "Lew Landers",
    "synonyms": [
      "Lew Landers"
    ]
  },
  {
    "value": "John Landis",
    "synonyms": [
      "John Landis"
    ]
  },
  {
    "value": "Sidney Lanfield",
    "synonyms": [
      "Sidney Lanfield"
    ]
  },
  {
    "value": "Fritz Lang",
    "synonyms": [
      "Fritz Lang"
    ]
  },
  {
    "value": "Walter Lang",
    "synonyms": [
      "Walter Lang"
    ]
  },
  {
    "value": "Rémi Lange",
    "synonyms": [
      "Rémi Lange"
    ]
  },
  {
    "value": "Doug Langway",
    "synonyms": [
      "Doug Langway"
    ]
  },
  {
    "value": "Claude Lanzmann",
    "synonyms": [
      "Claude Lanzmann"
    ]
  },
  {
    "value": "Janez Lapajne",
    "synonyms": [
      "Janez Lapajne"
    ]
  },
  {
    "value": "John Lasseter",
    "synonyms": [
      "John Lasseter"
    ]
  },
  {
    "value": "Andrew Lau",
    "synonyms": [
      "Andrew Lau"
    ]
  },
  {
    "value": "Jeffrey Lau",
    "synonyms": [
      "Jeffrey Lau"
    ]
  },
  {
    "value": "Francis Lawrence",
    "synonyms": [
      "Francis Lawrence"
    ]
  },
  {
    "value": "Marc Lawrence",
    "synonyms": [
      "Marc Lawrence"
    ]
  },
  {
    "value": "J F Lawton",
    "synonyms": [
      "J F Lawton"
    ]
  },
  {
    "value": "Tracie Laymon",
    "synonyms": [
      "Tracie Laymon"
    ]
  },
  {
    "value": "David Lean",
    "synonyms": [
      "David Lean"
    ]
  },
  {
    "value": "Patrice Leconte",
    "synonyms": [
      "Patrice Leconte"
    ]
  },
  {
    "value": "D Ross Lederman",
    "synonyms": [
      "D Ross Lederman"
    ]
  },
  {
    "value": "Ang Lee",
    "synonyms": [
      "Ang Lee"
    ]
  },
  {
    "value": "Lee Cheol-ha",
    "synonyms": [
      "Lee Cheol-ha"
    ]
  },
  {
    "value": "Lee Lik-Chi",
    "synonyms": [
      "Lee Lik-Chi"
    ]
  },
  {
    "value": "Rowland V Lee",
    "synonyms": [
      "Rowland V Lee"
    ]
  },
  {
    "value": "Spike Lee",
    "synonyms": [
      "Spike Lee"
    ]
  },
  {
    "value": "Michael Lehmann",
    "synonyms": [
      "Michael Lehmann"
    ]
  },
  {
    "value": "Henry Lehrman",
    "synonyms": [
      "Henry Lehrman"
    ]
  },
  {
    "value": "Mike Leigh",
    "synonyms": [
      "Mike Leigh"
    ]
  },
  {
    "value": "Danny Leiner",
    "synonyms": [
      "Danny Leiner"
    ]
  },
  {
    "value": "Mitchell Leisen",
    "synonyms": [
      "Mitchell Leisen"
    ]
  },
  {
    "value": "Logan Leistikow",
    "synonyms": [
      "Logan Leistikow"
    ]
  },
  {
    "value": "Claude Lelouch",
    "synonyms": [
      "Claude Lelouch"
    ]
  },
  {
    "value": "Michael Lembeck",
    "synonyms": [
      "Michael Lembeck"
    ]
  },
  {
    "value": "Umberto Lenzi",
    "synonyms": [
      "Umberto Lenzi"
    ]
  },
  {
    "value": "Robert Z Leonard",
    "synonyms": [
      "Robert Z Leonard"
    ]
  },
  {
    "value": "David MacDonald",
    "synonyms": [
      "David MacDonald"
    ]
  },
  {
    "value": "Manish Jain",
    "synonyms": [
      "Manish Jain"
    ]
  },
  {
    "value": "Kevin Macdonald",
    "synonyms": [
      "Kevin Macdonald"
    ]
  },
  {
    "value": "Carl Macek",
    "synonyms": [
      "Carl Macek"
    ]
  },
  {
    "value": "Seth MacFarlane",
    "synonyms": [
      "Seth MacFarlane"
    ]
  },
  {
    "value": "Gustav Machatý",
    "synonyms": [
      "Gustav Machatý"
    ]
  },
  {
    "value": "Willard Mack",
    "synonyms": [
      "Willard Mack"
    ]
  },
  {
    "value": "Alexander Mackendrick",
    "synonyms": [
      "Alexander Mackendrick"
    ]
  },
  {
    "value": "David Mackenzie",
    "synonyms": [
      "David Mackenzie"
    ]
  },
  {
    "value": "Gillies MacKinnon",
    "synonyms": [
      "Gillies MacKinnon"
    ]
  },
  {
    "value": "Murdock MacQuarrie",
    "synonyms": [
      "Murdock MacQuarrie"
    ]
  },
  {
    "value": "Guy Maddin",
    "synonyms": [
      "Guy Maddin"
    ]
  },
  {
    "value": "Madonna",
    "synonyms": [
      "Madonna"
    ]
  },
  {
    "value": "Holger-Madsen",
    "synonyms": [
      "Holger-Madsen"
    ]
  },
  {
    "value": "Charles Maigne",
    "synonyms": [
      "Charles Maigne"
    ]
  },
  {
    "value": "Norman Mailer",
    "synonyms": [
      "Norman Mailer"
    ]
  },
  {
    "value": "Alan Mak",
    "synonyms": [
      "Alan Mak"
    ]
  },
  {
    "value": "Dušan Makavejev",
    "synonyms": [
      "Dušan Makavejev"
    ]
  },
  {
    "value": "Mohsen Makhmalbaf",
    "synonyms": [
      "Mohsen Makhmalbaf"
    ]
  },
  {
    "value": "Samira Makhmalbaf",
    "synonyms": [
      "Samira Makhmalbaf"
    ]
  },
  {
    "value": "Károly Makk",
    "synonyms": [
      "Károly Makk"
    ]
  },
  {
    "value": "Sundeep Malani",
    "synonyms": [
      "Sundeep Malani"
    ]
  },
  {
    "value": "Terrence Malick",
    "synonyms": [
      "Terrence Malick"
    ]
  },
  {
    "value": "Louis Malle",
    "synonyms": [
      "Louis Malle"
    ]
  },
  {
    "value": "William Malone",
    "synonyms": [
      "William Malone"
    ]
  },
  {
    "value": "David Maloney",
    "synonyms": [
      "David Maloney"
    ]
  },
  {
    "value": "Leo D Maloney",
    "synonyms": [
      "Leo D Maloney"
    ]
  },
  {
    "value": "Henrik Malyan",
    "synonyms": [
      "Henrik Malyan"
    ]
  },
  {
    "value": "Djibril Diop Mambéty",
    "synonyms": [
      "Djibril Diop Mambéty"
    ]
  },
  {
    "value": "Manakis brothers",
    "synonyms": [
      "Manakis brothers"
    ]
  },
  {
    "value": "Milcho Manchevski",
    "synonyms": [
      "Milcho Manchevski"
    ]
  },
  {
    "value": "Luis Mandoki",
    "synonyms": [
      "Luis Mandoki"
    ]
  },
  {
    "value": "James Mangold",
    "synonyms": [
      "James Mangold"
    ]
  },
  {
    "value": "Joseph L Mankiewicz",
    "synonyms": [
      "Joseph L Mankiewicz"
    ]
  },
  {
    "value": "Anthony Mann",
    "synonyms": [
      "Anthony Mann"
    ]
  },
  {
    "value": "Daniel Mann",
    "synonyms": [
      "Daniel Mann"
    ]
  },
  {
    "value": "Delbert Mann",
    "synonyms": [
      "Delbert Mann"
    ]
  },
  {
    "value": "Michael Mann",
    "synonyms": [
      "Michael Mann"
    ]
  },
  {
    "value": "Sophie Marceau",
    "synonyms": [
      "Sophie Marceau"
    ]
  },
  {
    "value": "Max Marcin",
    "synonyms": [
      "Max Marcin"
    ]
  },
  {
    "value": "Shane Meadows",
    "synonyms": [
      "Shane Meadows"
    ]
  },
  {
    "value": "Dariush Mehrjui",
    "synonyms": [
      "Dariush Mehrjui"
    ]
  },
  {
    "value": "Deepa Mehta",
    "synonyms": [
      "Deepa Mehta"
    ]
  },
  {
    "value": "Gus Meins",
    "synonyms": [
      "Gus Meins"
    ]
  },
  {
    "value": "Fernando Meirelles",
    "synonyms": [
      "Fernando Meirelles"
    ]
  },
  {
    "value": "Adolfas Mekas",
    "synonyms": [
      "Adolfas Mekas"
    ]
  },
  {
    "value": "Jonas Mekas",
    "synonyms": [
      "Jonas Mekas"
    ]
  },
  {
    "value": "Bill Melendez",
    "synonyms": [
      "Bill Melendez"
    ]
  },
  {
    "value": "George Melford",
    "synonyms": [
      "George Melford"
    ]
  },
  {
    "value": "Wilco Melissant",
    "synonyms": [
      "Wilco Melissant"
    ]
  },
  {
    "value": "Craig Melville",
    "synonyms": [
      "Craig Melville"
    ]
  },
  {
    "value": "Jean-Pierre Melville",
    "synonyms": [
      "Jean-Pierre Melville"
    ]
  },
  {
    "value": "Lothar Mendes",
    "synonyms": [
      "Lothar Mendes"
    ]
  },
  {
    "value": "Sam Mendes",
    "synonyms": [
      "Sam Mendes"
    ]
  },
  {
    "value": "Chris Menges",
    "synonyms": [
      "Chris Menges"
    ]
  },
  {
    "value": "E Elias Merhige",
    "synonyms": [
      "E Elias Merhige"
    ]
  },
  {
    "value": "Saul Metzstein",
    "synonyms": [
      "Saul Metzstein"
    ]
  },
  {
    "value": "Russ Meyer",
    "synonyms": [
      "Russ Meyer"
    ]
  },
  {
    "value": "Leah Meyerhoff",
    "synonyms": [
      "Leah Meyerhoff"
    ]
  },
  {
    "value": "Georges Méliès",
    "synonyms": [
      "Georges Méliès"
    ]
  },
  {
    "value": "Oscar Micheaux",
    "synonyms": [
      "Oscar Micheaux"
    ]
  },
  {
    "value": "Roger Michell",
    "synonyms": [
      "Roger Michell"
    ]
  },
  {
    "value": "Takashi Miike",
    "synonyms": [
      "Takashi Miike"
    ]
  },
  {
    "value": "Nikita Mikhalkov",
    "synonyms": [
      "Nikita Mikhalkov"
    ]
  },
  {
    "value": "Lewis Milestone",
    "synonyms": [
      "Lewis Milestone"
    ]
  },
  {
    "value": "John Milius",
    "synonyms": [
      "John Milius"
    ]
  },
  {
    "value": "Frank Miller",
    "synonyms": [
      "Frank Miller"
    ]
  },
  {
    "value": "George Miller",
    "synonyms": [
      "George Miller"
    ]
  },
  {
    "value": "Kara Miller",
    "synonyms": [
      "Kara Miller"
    ]
  },
  {
    "value": "Robert Ellis Miller",
    "synonyms": [
      "Robert Ellis Miller"
    ]
  },
  {
    "value": "Sharron Miller",
    "synonyms": [
      "Sharron Miller"
    ]
  },
  {
    "value": "Anthony Minghella",
    "synonyms": [
      "Anthony Minghella"
    ]
  },
  {
    "value": "Vincente Minnelli",
    "synonyms": [
      "Vincente Minnelli"
    ]
  },
  {
    "value": "Nadeem Baig",
    "synonyms": [
      "Nadeem Baig"
    ]
  },
  {
    "value": "Amir Naderi",
    "synonyms": [
      "Amir Naderi"
    ]
  },
  {
    "value": "Mira Nair",
    "synonyms": [
      "Mira Nair"
    ]
  },
  {
    "value": "Hideo Nakata",
    "synonyms": [
      "Hideo Nakata"
    ]
  },
  {
    "value": "Khodzha Kuli Narliyev",
    "synonyms": [
      "Khodzha Kuli Narliyev"
    ]
  },
  {
    "value": "Mikio Naruse",
    "synonyms": [
      "Mikio Naruse"
    ]
  },
  {
    "value": "Percy Nash",
    "synonyms": [
      "Percy Nash"
    ]
  },
  {
    "value": "Vincenzo Natali",
    "synonyms": [
      "Vincenzo Natali"
    ]
  },
  {
    "value": "Gregory Nava",
    "synonyms": [
      "Gregory Nava"
    ]
  },
  {
    "value": "Ronald Neame",
    "synonyms": [
      "Ronald Neame"
    ]
  },
  {
    "value": "Jean Negulesco",
    "synonyms": [
      "Jean Negulesco"
    ]
  },
  {
    "value": "Marshall Neilan",
    "synonyms": [
      "Marshall Neilan"
    ]
  },
  {
    "value": "Roy William Neill",
    "synonyms": [
      "Roy William Neill"
    ]
  },
  {
    "value": "Gary Nelson",
    "synonyms": [
      "Gary Nelson"
    ]
  },
  {
    "value": "Gene Nelson",
    "synonyms": [
      "Gene Nelson"
    ]
  },
  {
    "value": "Ralph Nelson",
    "synonyms": [
      "Ralph Nelson"
    ]
  },
  {
    "value": "Laura Neri",
    "synonyms": [
      "Laura Neri"
    ]
  },
  {
    "value": "Max Neufeld",
    "synonyms": [
      "Max Neufeld"
    ]
  },
  {
    "value": "Kurt Neumann",
    "synonyms": [
      "Kurt Neumann"
    ]
  },
  {
    "value": "Mike Newell",
    "synonyms": [
      "Mike Newell"
    ]
  },
  {
    "value": "Sam Newfield",
    "synonyms": [
      "Sam Newfield"
    ]
  },
  {
    "value": "Joseph M Newman",
    "synonyms": [
      "Joseph M Newman"
    ]
  },
  {
    "value": "Fred C Newmeyer",
    "synonyms": [
      "Fred C Newmeyer"
    ]
  },
  {
    "value": "Auguste Marie Louis Nicolas",
    "synonyms": [
      "Auguste Marie Louis Nicolas"
    ]
  },
  {
    "value": "Chris O Dea",
    "synonyms": [
      "Chris O Dea"
    ]
  },
  {
    "value": "Atsushi Ogata",
    "synonyms": [
      "Atsushi Ogata"
    ]
  },
  {
    "value": "Kingsley Ogoro",
    "synonyms": [
      "Kingsley Ogoro"
    ]
  },
  {
    "value": "Izu Ojukwu",
    "synonyms": [
      "Izu Ojukwu"
    ]
  },
  {
    "value": "Kihachi Okamoto",
    "synonyms": [
      "Kihachi Okamoto"
    ]
  },
  {
    "value": "Sidney Olcott",
    "synonyms": [
      "Sidney Olcott"
    ]
  },
  {
    "value": "Laurence Olivier",
    "synonyms": [
      "Laurence Olivier"
    ]
  },
  {
    "value": "Jorge Olguín",
    "synonyms": [
      "Jorge Olguín"
    ]
  },
  {
    "value": "Gunnar Olsson",
    "synonyms": [
      "Gunnar Olsson"
    ]
  },
  {
    "value": "Max Ophüls",
    "synonyms": [
      "Max Ophüls"
    ]
  },
  {
    "value": "Kenny Ortega",
    "synonyms": [
      "Kenny Ortega"
    ]
  },
  {
    "value": "Georg Wilhelm Pabst",
    "synonyms": [
      "Georg Wilhelm Pabst"
    ]
  },
  {
    "value": "P Padmarajan",
    "synonyms": [
      "P Padmarajan"
    ]
  },
  {
    "value": "Alan J Pakula",
    "synonyms": [
      "Alan J Pakula"
    ]
  },
  {
    "value": "Pan Anzi",
    "synonyms": [
      "Pan Anzi"
    ]
  },
  {
    "value": "Jafar Panahi",
    "synonyms": [
      "Jafar Panahi"
    ]
  },
  {
    "value": "Gleb Panfilov",
    "synonyms": [
      "Gleb Panfilov"
    ]
  },
  {
    "value": "Pang Ho-Cheung",
    "synonyms": [
      "Pang Ho-Cheung"
    ]
  },
  {
    "value": "Sergei Parajanov",
    "synonyms": [
      "Sergei Parajanov"
    ]
  },
  {
    "value": "K-Michel Parandi",
    "synonyms": [
      "K-Michel Parandi"
    ]
  },
  {
    "value": "Dean Parisot",
    "synonyms": [
      "Dean Parisot"
    ]
  },
  {
    "value": "Park Chan-Wook",
    "synonyms": [
      "Park Chan-Wook"
    ]
  },
  {
    "value": "Jerry Paris",
    "synonyms": [
      "Jerry Paris"
    ]
  },
  {
    "value": "Nick Park",
    "synonyms": [
      "Nick Park"
    ]
  },
  {
    "value": "Alan Parker",
    "synonyms": [
      "Alan Parker"
    ]
  },
  {
    "value": "Albert Parker",
    "synonyms": [
      "Albert Parker"
    ]
  },
  {
    "value": "Trey Parker",
    "synonyms": [
      "Trey Parker"
    ]
  },
  {
    "value": "James Parrott",
    "synonyms": [
      "James Parrott"
    ]
  },
  {
    "value": "Reza Parsa",
    "synonyms": [
      "Reza Parsa"
    ]
  },
  {
    "value": "Gabriel Pascal",
    "synonyms": [
      "Gabriel Pascal"
    ]
  },
  {
    "value": "Goran Paskaljevic",
    "synonyms": [
      "Goran Paskaljevic"
    ]
  },
  {
    "value": "Pier Paolo Pasolini",
    "synonyms": [
      "Pier Paolo Pasolini"
    ]
  },
  {
    "value": "Ivan Passer",
    "synonyms": [
      "Ivan Passer"
    ]
  },
  {
    "value": "Stuart Paton",
    "synonyms": [
      "Stuart Paton"
    ]
  },
  {
    "value": "Anand Patwardhan",
    "synonyms": [
      "Anand Patwardhan"
    ]
  },
  {
    "value": "Alexander Payne",
    "synonyms": [
      "Alexander Payne"
    ]
  },
  {
    "value": "György Pálfi",
    "synonyms": [
      "György Pálfi"
    ]
  },
  {
    "value": "Leslie Pearce",
    "synonyms": [
      "Leslie Pearce"
    ]
  },
  {
    "value": "Richard Pearce",
    "synonyms": [
      "Richard Pearce"
    ]
  },
  {
    "value": "George Pearson",
    "synonyms": [
      "George Pearson"
    ]
  },
  {
    "value": "Raoul Peck",
    "synonyms": [
      "Raoul Peck"
    ]
  },
  {
    "value": "Sam Peckinpah",
    "synonyms": [
      "Sam Peckinpah"
    ]
  },
  {
    "value": "Scott Pembroke",
    "synonyms": [
      "Scott Pembroke"
    ]
  },
  {
    "value": "Arthur Penn",
    "synonyms": [
      "Arthur Penn"
    ]
  },
  {
    "value": "Sean Penn",
    "synonyms": [
      "Sean Penn"
    ]
  },
  {
    "value": "Mark Pellington",
    "synonyms": [
      "Mark Pellington"
    ]
  },
  {
    "value": "Ivan Perestiani",
    "synonyms": [
      "Ivan Perestiani"
    ]
  },
  {
    "value": "Lester James Peries",
    "synonyms": [
      "Lester James Peries"
    ]
  },
  {
    "value": "Léonce Perret",
    "synonyms": [
      "Léonce Perret"
    ]
  },
  {
    "value": "Tyler Perry",
    "synonyms": [
      "Tyler Perry"
    ]
  },
  {
    "value": "Brothers Quay",
    "synonyms": [
      "Brothers Quay"
    ]
  },
  {
    "value": "Peer Raben",
    "synonyms": [
      "Peer Raben"
    ]
  },
  {
    "value": "Michael Radford",
    "synonyms": [
      "Michael Radford"
    ]
  },
  {
    "value": "Bob Rafelson",
    "synonyms": [
      "Bob Rafelson"
    ]
  },
  {
    "value": "Jeff Ragsdale",
    "synonyms": [
      "Jeff Ragsdale"
    ]
  },
  {
    "value": "Sam Raimi",
    "synonyms": [
      "Sam Raimi"
    ]
  },
  {
    "value": "Yvonne Rainer",
    "synonyms": [
      "Yvonne Rainer"
    ]
  },
  {
    "value": "Harold Ramis",
    "synonyms": [
      "Harold Ramis"
    ]
  },
  {
    "value": "Irving Rapper",
    "synonyms": [
      "Irving Rapper"
    ]
  },
  {
    "value": "Mani Ratnam",
    "synonyms": [
      "Mani Ratnam"
    ]
  },
  {
    "value": "Brett Ratner",
    "synonyms": [
      "Brett Ratner"
    ]
  },
  {
    "value": "Gregory Ratoff",
    "synonyms": [
      "Gregory Ratoff"
    ]
  },
  {
    "value": "John Rawlins",
    "synonyms": [
      "John Rawlins"
    ]
  },
  {
    "value": "Albert Ray",
    "synonyms": [
      "Albert Ray"
    ]
  },
  {
    "value": "Man Ray",
    "synonyms": [
      "Man Ray"
    ]
  },
  {
    "value": "Nicholas Ray",
    "synonyms": [
      "Nicholas Ray"
    ]
  },
  {
    "value": "Rick Ray",
    "synonyms": [
      "Rick Ray"
    ]
  },
  {
    "value": "Satyajit Ray",
    "synonyms": [
      "Satyajit Ray"
    ]
  },
  {
    "value": "Herman C Raymaker",
    "synonyms": [
      "Herman C Raymaker"
    ]
  },
  {
    "value": "Eric Red",
    "synonyms": [
      "Eric Red"
    ]
  },
  {
    "value": "Robert Redford",
    "synonyms": [
      "Robert Redford"
    ]
  },
  {
    "value": "John Rich",
    "synonyms": [
      "John Rich"
    ]
  },
  {
    "value": "Tony Richardson",
    "synonyms": [
      "Tony Richardson"
    ]
  },
  {
    "value": "Hans Richter",
    "synonyms": [
      "Hans Richter"
    ]
  },
  {
    "value": "W D Richter",
    "synonyms": [
      "W D Richter"
    ]
  },
  {
    "value": "Leni Riefenstahl",
    "synonyms": [
      "Leni Riefenstahl"
    ]
  },
  {
    "value": "Arthur Ripley",
    "synonyms": [
      "Arthur Ripley"
    ]
  },
  {
    "value": "Arturo Ripstein",
    "synonyms": [
      "Arturo Ripstein"
    ]
  },
  {
    "value": "Guy Ritchie",
    "synonyms": [
      "Guy Ritchie"
    ]
  },
  {
    "value": "Michael Ritchie",
    "synonyms": [
      "Michael Ritchie"
    ]
  },
  {
    "value": "Martin Ritt",
    "synonyms": [
      "Martin Ritt"
    ]
  },
  {
    "value": "Fernand Rivers",
    "synonyms": [
      "Fernand Rivers"
    ]
  },
  {
    "value": "Joan Rivers",
    "synonyms": [
      "Joan Rivers"
    ]
  },
  {
    "value": "Jacques Rivette",
    "synonyms": [
      "Jacques Rivette"
    ]
  },
  {
    "value": "Saeed Rizvi",
    "synonyms": [
      "Saeed Rizvi"
    ]
  },
  {
    "value": "Jay Roach",
    "synonyms": [
      "Jay Roach"
    ]
  },
  {
    "value": "Alain Robbe-Grillet",
    "synonyms": [
      "Alain Robbe-Grillet"
    ]
  },
  {
    "value": "Brian Robbins",
    "synonyms": [
      "Brian Robbins"
    ]
  },
  {
    "value": "Jerome Robbins",
    "synonyms": [
      "Jerome Robbins"
    ]
  },
  {
    "value": "Tim Robbins",
    "synonyms": [
      "Tim Robbins"
    ]
  },
  {
    "value": "Stephen Roberts",
    "synonyms": [
      "Stephen Roberts"
    ]
  },
  {
    "value": "John S Robertson",
    "synonyms": [
      "John S Robertson"
    ]
  },
  {
    "value": "Bruce Robinson",
    "synonyms": [
      "Bruce Robinson"
    ]
  },
  {
    "value": "Lee Robinson",
    "synonyms": [
      "Lee Robinson"
    ]
  },
  {
    "value": "Phil Alden Robinson",
    "synonyms": [
      "Phil Alden Robinson"
    ]
  },
  {
    "value": "Mark Robson",
    "synonyms": [
      "Mark Robson"
    ]
  },
  {
    "value": "Glauber Rocha",
    "synonyms": [
      "Glauber Rocha"
    ]
  },
  {
    "value": "João Pedro Rodrigues",
    "synonyms": [
      "João Pedro Rodrigues"
    ]
  },
  {
    "value": "Robert Rodriguez",
    "synonyms": [
      "Robert Rodriguez"
    ]
  },
  {
    "value": "John Roecker",
    "synonyms": [
      "John Roecker"
    ]
  },
  {
    "value": "Nicolas Roeg",
    "synonyms": [
      "Nicolas Roeg"
    ]
  },
  {
    "value": "Albert S Rogell",
    "synonyms": [
      "Albert S Rogell"
    ]
  },
  {
    "value": "Éric Rohmer",
    "synonyms": [
      "Éric Rohmer"
    ]
  },
  {
    "value": "Maher Sabry",
    "synonyms": [
      "Maher Sabry"
    ]
  },
  {
    "value": "Bob Saget",
    "synonyms": [
      "Bob Saget"
    ]
  },
  {
    "value": "Abdulkadir Ahmed Said",
    "synonyms": [
      "Abdulkadir Ahmed Said"
    ]
  },
  {
    "value": "Gene Saks",
    "synonyms": [
      "Gene Saks"
    ]
  },
  {
    "value": "Sidney Salkow",
    "synonyms": [
      "Sidney Salkow"
    ]
  },
  {
    "value": "Walter Salles",
    "synonyms": [
      "Walter Salles"
    ]
  },
  {
    "value": "Mikael Salomon",
    "synonyms": [
      "Mikael Salomon"
    ]
  },
  {
    "value": "Anja Salomonowitz",
    "synonyms": [
      "Anja Salomonowitz"
    ]
  },
  {
    "value": "Carlos Saldanha",
    "synonyms": [
      "Carlos Saldanha"
    ]
  },
  {
    "value": "Victor Salva",
    "synonyms": [
      "Victor Salva"
    ]
  },
  {
    "value": "Shakti Samanta",
    "synonyms": [
      "Shakti Samanta"
    ]
  },
  {
    "value": "Scott Sanders",
    "synonyms": [
      "Scott Sanders"
    ]
  },
  {
    "value": "Helma Sanders-Brahms",
    "synonyms": [
      "Helma Sanders-Brahms"
    ]
  },
  {
    "value": "Mark Sandrich",
    "synonyms": [
      "Mark Sandrich"
    ]
  },
  {
    "value": "Alfred Santell",
    "synonyms": [
      "Alfred Santell"
    ]
  },
  {
    "value": "Joseph Santley",
    "synonyms": [
      "Joseph Santley"
    ]
  },
  {
    "value": "Richard C Sarafian",
    "synonyms": [
      "Richard C Sarafian"
    ]
  },
  {
    "value": "Valeria Sarmiento",
    "synonyms": [
      "Valeria Sarmiento"
    ]
  },
  {
    "value": "Peter Sasdy",
    "synonyms": [
      "Peter Sasdy"
    ]
  },
  {
    "value": "Yūichi Satō",
    "synonyms": [
      "Yūichi Satō"
    ]
  },
  {
    "value": "Hubert Sauper",
    "synonyms": [
      "Hubert Sauper"
    ]
  },
  {
    "value": "Claude Sautet",
    "synonyms": [
      "Claude Sautet"
    ]
  },
  {
    "value": "Fred Savage",
    "synonyms": [
      "Fred Savage"
    ]
  },
  {
    "value": "Philip Saville",
    "synonyms": [
      "Philip Saville"
    ]
  },
  {
    "value": "Geoffrey Sax",
    "synonyms": [
      "Geoffrey Sax"
    ]
  },
  {
    "value": "John Sayles",
    "synonyms": [
      "John Sayles"
    ]
  },
  {
    "value": "John Scagliotti",
    "synonyms": [
      "John Scagliotti"
    ]
  },
  {
    "value": "Armand Schaefer",
    "synonyms": [
      "Armand Schaefer"
    ]
  },
  {
    "value": "George Schaefer",
    "synonyms": [
      "George Schaefer"
    ]
  },
  {
    "value": "Franklin Schaffner",
    "synonyms": [
      "Franklin Schaffner"
    ]
  },
  {
    "value": "Peter Schamoni",
    "synonyms": [
      "Peter Schamoni"
    ]
  },
  {
    "value": "Frank Scheffer",
    "synonyms": [
      "Frank Scheffer"
    ]
  },
  {
    "value": "Fred Schepisi",
    "synonyms": [
      "Fred Schepisi"
    ]
  },
  {
    "value": "Victor Schertzinger",
    "synonyms": [
      "Victor Schertzinger"
    ]
  },
  {
    "value": "Kyle Schickner",
    "synonyms": [
      "Kyle Schickner"
    ]
  },
  {
    "value": "Peter Mark Schifter",
    "synonyms": [
      "Peter Mark Schifter"
    ]
  },
  {
    "value": "Thomas Schlamme",
    "synonyms": [
      "Thomas Schlamme"
    ]
  },
  {
    "value": "John Schlesinger",
    "synonyms": [
      "John Schlesinger"
    ]
  },
  {
    "value": "Christoph Schlingensief",
    "synonyms": [
      "Christoph Schlingensief"
    ]
  },
  {
    "value": "Volker Schlöndorff",
    "synonyms": [
      "Volker Schlöndorff"
    ]
  },
  {
    "value": "Julian Schnabel",
    "synonyms": [
      "Julian Schnabel"
    ]
  },
  {
    "value": "Dan Schneider",
    "synonyms": [
      "Dan Schneider"
    ]
  },
  {
    "value": "Ernest B Schoedsack",
    "synonyms": [
      "Ernest B Schoedsack"
    ]
  },
  {
    "value": "Renen Schorr",
    "synonyms": [
      "Renen Schorr"
    ]
  },
  {
    "value": "Paul Schrader",
    "synonyms": [
      "Paul Schrader"
    ]
  },
  {
    "value": "Rick Schroder",
    "synonyms": [
      "Rick Schroder"
    ]
  },
  {
    "value": "Barbet Schroeder",
    "synonyms": [
      "Barbet Schroeder"
    ]
  },
  {
    "value": "Werner Schroeter",
    "synonyms": [
      "Werner Schroeter"
    ]
  },
  {
    "value": "Michael Schultz",
    "synonyms": [
      "Michael Schultz"
    ]
  },
  {
    "value": "Joel Schumacher",
    "synonyms": [
      "Joel Schumacher"
    ]
  },
  {
    "value": "George Sidney",
    "synonyms": [
      "George Sidney"
    ]
  },
  {
    "value": "Scott Sidney",
    "synonyms": [
      "Scott Sidney"
    ]
  },
  {
    "value": "Don Siegel",
    "synonyms": [
      "Don Siegel"
    ]
  },
  {
    "value": "Pedro Sienna",
    "synonyms": [
      "Pedro Sienna"
    ]
  },
  {
    "value": "Brad Silberling",
    "synonyms": [
      "Brad Silberling"
    ]
  },
  {
    "value": "Dean Silvers",
    "synonyms": [
      "Dean Silvers"
    ]
  },
  {
    "value": "S Sylvan Simon",
    "synonyms": [
      "S Sylvan Simon"
    ]
  },
  {
    "value": "Yves Simoneau",
    "synonyms": [
      "Yves Simoneau"
    ]
  },
  {
    "value": "Giorgio Simonelli",
    "synonyms": [
      "Giorgio Simonelli"
    ]
  },
  {
    "value": "Bryan Singer",
    "synonyms": [
      "Bryan Singer"
    ]
  },
  {
    "value": "Manmohan Singh",
    "synonyms": [
      "Manmohan Singh"
    ]
  },
  {
    "value": "Tarsem Singh",
    "synonyms": [
      "Tarsem Singh"
    ]
  },
  {
    "value": "John Singleton",
    "synonyms": [
      "John Singleton"
    ]
  },
  {
    "value": "Robert Siodmak",
    "synonyms": [
      "Robert Siodmak"
    ]
  },
  {
    "value": "Puneet Sira",
    "synonyms": [
      "Puneet Sira"
    ]
  },
  {
    "value": "Douglas Sirk",
    "synonyms": [
      "Douglas Sirk"
    ]
  },
  {
    "value": "Cheick Oumar Sissoko",
    "synonyms": [
      "Cheick Oumar Sissoko"
    ]
  },
  {
    "value": "Chris Sivertson",
    "synonyms": [
      "Chris Sivertson"
    ]
  },
  {
    "value": "Vilgot Sjöman",
    "synonyms": [
      "Vilgot Sjöman"
    ]
  },
  {
    "value": "Victor Sjöström",
    "synonyms": [
      "Victor Sjöström"
    ]
  },
  {
    "value": "Jerzy Skolimowski",
    "synonyms": [
      "Jerzy Skolimowski"
    ]
  },
  {
    "value": "Paul Sloane",
    "synonyms": [
      "Paul Sloane"
    ]
  },
  {
    "value": "Edward Sloman",
    "synonyms": [
      "Edward Sloman"
    ]
  },
  {
    "value": "Yannis Smaragdis",
    "synonyms": [
      "Yannis Smaragdis"
    ]
  },
  {
    "value": "Ralph Smart",
    "synonyms": [
      "Ralph Smart"
    ]
  },
  {
    "value": "Jack Smight",
    "synonyms": [
      "Jack Smight"
    ]
  },
  {
    "value": "Brian Trenchard-Smith",
    "synonyms": [
      "Brian Trenchard-Smith"
    ]
  },
  {
    "value": "Charles Martin Smith",
    "synonyms": [
      "Charles Martin Smith"
    ]
  },
  {
    "value": "George Albert Smith",
    "synonyms": [
      "George Albert Smith"
    ]
  },
  {
    "value": "Harry Everett Smith",
    "synonyms": [
      "Harry Everett Smith"
    ]
  },
  {
    "value": "Kevin Smith",
    "synonyms": [
      "Kevin Smith"
    ]
  },
  {
    "value": "Noel M Smith",
    "synonyms": [
      "Noel M Smith"
    ]
  },
  {
    "value": "Adam Smoluk",
    "synonyms": [
      "Adam Smoluk"
    ]
  },
  {
    "value": "Michael Snow",
    "synonyms": [
      "Michael Snow"
    ]
  },
  {
    "value": "Zack Snyder",
    "synonyms": [
      "Zack Snyder"
    ]
  },
  {
    "value": "Michele Soavi",
    "synonyms": [
      "Michele Soavi"
    ]
  },
  {
    "value": "Steven Soderbergh",
    "synonyms": [
      "Steven Soderbergh"
    ]
  },
  {
    "value": "Aleksandr Sokurov",
    "synonyms": [
      "Aleksandr Sokurov"
    ]
  },
  {
    "value": "Frances-Anne Solomon",
    "synonyms": [
      "Frances-Anne Solomon"
    ]
  },
  {
    "value": "Todd Solondz",
    "synonyms": [
      "Todd Solondz"
    ]
  },
  {
    "value": "Stephen Sommers",
    "synonyms": [
      "Stephen Sommers"
    ]
  },
  {
    "value": "Barry Sonnenfeld",
    "synonyms": [
      "Barry Sonnenfeld"
    ]
  },
  {
    "value": "Rachel Talalay",
    "synonyms": [
      "Rachel Talalay"
    ]
  },
  {
    "value": "Patrick Tam",
    "synonyms": [
      "Patrick Tam"
    ]
  },
  {
    "value": "Lee Tamahori",
    "synonyms": [
      "Lee Tamahori"
    ]
  },
  {
    "value": "Alain Tanner",
    "synonyms": [
      "Alain Tanner"
    ]
  },
  {
    "value": "Danis Tanovic",
    "synonyms": [
      "Danis Tanovic"
    ]
  },
  {
    "value": "Quentin Tarantino",
    "synonyms": [
      "Quentin Tarantino"
    ]
  },
  {
    "value": "Andrei Tarkovsky",
    "synonyms": [
      "Andrei Tarkovsky"
    ]
  },
  {
    "value": "Béla Tarr",
    "synonyms": [
      "Béla Tarr"
    ]
  },
  {
    "value": "Genndy Tartakovsky",
    "synonyms": [
      "Genndy Tartakovsky"
    ]
  },
  {
    "value": "Frank Tashlin",
    "synonyms": [
      "Frank Tashlin"
    ]
  },
  {
    "value": "Jacques Tati",
    "synonyms": [
      "Jacques Tati"
    ]
  },
  {
    "value": "Norman Taurog",
    "synonyms": [
      "Norman Taurog"
    ]
  },
  {
    "value": "Bertrand Tavernier",
    "synonyms": [
      "Bertrand Tavernier"
    ]
  },
  {
    "value": "Don Taylor",
    "synonyms": [
      "Don Taylor"
    ]
  },
  {
    "value": "Ray Taylor",
    "synonyms": [
      "Ray Taylor"
    ]
  },
  {
    "value": "Sam Taylor",
    "synonyms": [
      "Sam Taylor"
    ]
  },
  {
    "value": "Stanner EV Taylor",
    "synonyms": [
      "Stanner EV Taylor"
    ]
  },
  {
    "value": "William Desmond Taylor",
    "synonyms": [
      "William Desmond Taylor"
    ]
  },
  {
    "value": "Lewis Teague",
    "synonyms": [
      "Lewis Teague"
    ]
  },
  {
    "value": "André Téchiné",
    "synonyms": [
      "André Téchiné"
    ]
  },
  {
    "value": "Julien Temple",
    "synonyms": [
      "Julien Temple"
    ]
  },
  {
    "value": "Suzie Templeton",
    "synonyms": [
      "Suzie Templeton"
    ]
  },
  {
    "value": "Andy Tennant",
    "synonyms": [
      "Andy Tennant"
    ]
  },
  {
    "value": "George Terwilliger",
    "synonyms": [
      "George Terwilliger"
    ]
  },
  {
    "value": "Duccio Tessari",
    "synonyms": [
      "Duccio Tessari"
    ]
  },
  {
    "value": "Ted Tetzlaff",
    "synonyms": [
      "Ted Tetzlaff"
    ]
  },
  {
    "value": "Wilhelm Thiele",
    "synonyms": [
      "Wilhelm Thiele"
    ]
  },
  {
    "value": "John G Thomas",
    "synonyms": [
      "John G Thomas"
    ]
  },
  {
    "value": "Ralph Thomas",
    "synonyms": [
      "Ralph Thomas"
    ]
  },
  {
    "value": "J Lee Thompson",
    "synonyms": [
      "J Lee Thompson"
    ]
  },
  {
    "value": "Robert Thornby",
    "synonyms": [
      "Robert Thornby"
    ]
  },
  {
    "value": "Richard Thorpe",
    "synonyms": [
      "Richard Thorpe"
    ]
  },
  {
    "value": "Edgar G Ulmer",
    "synonyms": [
      "Edgar G Ulmer"
    ]
  },
  {
    "value": "Ron Underwood",
    "synonyms": [
      "Ron Underwood"
    ]
  },
  {
    "value": "Upendra",
    "synonyms": [
      "Upendra"
    ]
  },
  {
    "value": "Roger Vadim",
    "synonyms": [
      "Roger Vadim"
    ]
  },
  {
    "value": "Ladislao Vajda",
    "synonyms": [
      "Ladislao Vajda"
    ]
  },
  {
    "value": "Luis Valdez",
    "synonyms": [
      "Luis Valdez"
    ]
  },
  {
    "value": "Mike van Diệm",
    "synonyms": [
      "Mike van Diệm"
    ]
  },
  {
    "value": "W S Van Dyke",
    "synonyms": [
      "W S Van Dyke"
    ]
  },
  {
    "value": "Andre van Heerden",
    "synonyms": [
      "Andre van Heerden"
    ]
  },
  {
    "value": "Erik Van Looy",
    "synonyms": [
      "Erik Van Looy"
    ]
  },
  {
    "value": "Melvin Van Peebles",
    "synonyms": [
      "Melvin Van Peebles"
    ]
  },
  {
    "value": "Gus Van Sant",
    "synonyms": [
      "Gus Van Sant"
    ]
  },
  {
    "value": "Norman Thaddeus Vane",
    "synonyms": [
      "Norman Thaddeus Vane"
    ]
  },
  {
    "value": "Agnès Varda",
    "synonyms": [
      "Agnès Varda"
    ]
  },
  {
    "value": "Ram Gopal Varma",
    "synonyms": [
      "Ram Gopal Varma"
    ]
  },
  {
    "value": "Marcel Varnel",
    "synonyms": [
      "Marcel Varnel"
    ]
  },
  {
    "value": "Petar B Vasilev",
    "synonyms": [
      "Petar B Vasilev"
    ]
  },
  {
    "value": "Matthew Vaughn",
    "synonyms": [
      "Matthew Vaughn"
    ]
  },
  {
    "value": "Pam Veasey",
    "synonyms": [
      "Pam Veasey"
    ]
  },
  {
    "value": "Perry N Vekroff",
    "synonyms": [
      "Perry N Vekroff"
    ]
  },
  {
    "value": "Gore Verbinski",
    "synonyms": [
      "Gore Verbinski"
    ]
  },
  {
    "value": "Paul Verhoeven",
    "synonyms": [
      "Paul Verhoeven"
    ]
  },
  {
    "value": "Dziga Vertov",
    "synonyms": [
      "Dziga Vertov"
    ]
  },
  {
    "value": "Charles Vidor",
    "synonyms": [
      "Charles Vidor"
    ]
  },
  {
    "value": "The Wachowskis",
    "synonyms": [
      "The Wachowskis"
    ]
  },
  {
    "value": "Michael Wadleigh",
    "synonyms": [
      "Michael Wadleigh"
    ]
  },
  {
    "value": "Wai Ka-Fai",
    "synonyms": [
      "Wai Ka-Fai"
    ]
  },
  {
    "value": "Andrzej Wajda",
    "synonyms": [
      "Andrzej Wajda"
    ]
  },
  {
    "value": "Stuart Walker",
    "synonyms": [
      "Stuart Walker"
    ]
  },
  {
    "value": "David Wall",
    "synonyms": [
      "David Wall"
    ]
  },
  {
    "value": "Randall Wallace",
    "synonyms": [
      "Randall Wallace"
    ]
  },
  {
    "value": "Richard Wallace",
    "synonyms": [
      "Richard Wallace"
    ]
  },
  {
    "value": "Tom Walls",
    "synonyms": [
      "Tom Walls"
    ]
  },
  {
    "value": "Raoul Walsh",
    "synonyms": [
      "Raoul Walsh"
    ]
  },
  {
    "value": "Charles Walters",
    "synonyms": [
      "Charles Walters"
    ]
  },
  {
    "value": "Wan brothers",
    "synonyms": [
      "Wan brothers"
    ]
  },
  {
    "value": "James Wan",
    "synonyms": [
      "James Wan"
    ]
  },
  {
    "value": "Sam Wanamaker",
    "synonyms": [
      "Sam Wanamaker"
    ]
  },
  {
    "value": "Wang Quan an",
    "synonyms": [
      "Wang Quan an"
    ]
  },
  {
    "value": "Wang Xiaoshuai",
    "synonyms": [
      "Wang Xiaoshuai"
    ]
  },
  {
    "value": "Wayne Wang",
    "synonyms": [
      "Wayne Wang"
    ]
  },
  {
    "value": "Albert Ward",
    "synonyms": [
      "Albert Ward"
    ]
  },
  {
    "value": "David S Ward",
    "synonyms": [
      "David S Ward"
    ]
  },
  {
    "value": "Vincent Ward",
    "synonyms": [
      "Vincent Ward"
    ]
  },
  {
    "value": "Andy Warhol",
    "synonyms": [
      "Andy Warhol"
    ]
  },
  {
    "value": "Denzel Washington",
    "synonyms": [
      "Denzel Washington"
    ]
  },
  {
    "value": "Darrell Wasyk",
    "synonyms": [
      "Darrell Wasyk"
    ]
  },
  {
    "value": "John Waters",
    "synonyms": [
      "John Waters"
    ]
  },
  {
    "value": "Peter Watkins",
    "synonyms": [
      "Peter Watkins"
    ]
  },
  {
    "value": "Keenen Ivory Wayans",
    "synonyms": [
      "Keenen Ivory Wayans"
    ]
  },
  {
    "value": "Sean Weathers",
    "synonyms": [
      "Sean Weathers"
    ]
  },
  {
    "value": "Kenneth Webb",
    "synonyms": [
      "Kenneth Webb"
    ]
  },
  {
    "value": "Marc Webb",
    "synonyms": [
      "Marc Webb"
    ]
  },
  {
    "value": "Millard Webb",
    "synonyms": [
      "Millard Webb"
    ]
  },
  {
    "value": "Lois Weber",
    "synonyms": [
      "Lois Weber"
    ]
  },
  {
    "value": "Chris Wedge",
    "synonyms": [
      "Chris Wedge"
    ]
  },
  {
    "value": "Apichatpong Weerasethakul",
    "synonyms": [
      "Apichatpong Weerasethakul"
    ]
  },
  {
    "value": "Peter Weibel",
    "synonyms": [
      "Peter Weibel"
    ]
  },
  {
    "value": "Hans Weingartner",
    "synonyms": [
      "Hans Weingartner"
    ]
  },
  {
    "value": "Peter Weir",
    "synonyms": [
      "Peter Weir"
    ]
  },
  {
    "value": "Chris Weitz",
    "synonyms": [
      "Chris Weitz"
    ]
  },
  {
    "value": "Paul Weitz",
    "synonyms": [
      "Paul Weitz"
    ]
  },
  {
    "value": "Jennifer Welker",
    "synonyms": [
      "Jennifer Welker"
    ]
  },
  {
    "value": "Orson Welles",
    "synonyms": [
      "Orson Welles"
    ]
  },
  {
    "value": "Arthur Wellin",
    "synonyms": [
      "Arthur Wellin"
    ]
  },
  {
    "value": "William Wellman",
    "synonyms": [
      "William Wellman"
    ]
  },
  {
    "value": "Wim Wenders",
    "synonyms": [
      "Wim Wenders"
    ]
  },
  {
    "value": "Alfred L Werker",
    "synonyms": [
      "Alfred L Werker"
    ]
  },
  {
    "value": "Lina Wertmüller",
    "synonyms": [
      "Lina Wertmüller"
    ]
  },
  {
    "value": "Roland West",
    "synonyms": [
      "Roland West"
    ]
  },
  {
    "value": "Simon West",
    "synonyms": [
      "Simon West"
    ]
  },
  {
    "value": "James Whale",
    "synonyms": [
      "James Whale"
    ]
  },
  {
    "value": "Leopold Wharton",
    "synonyms": [
      "Leopold Wharton"
    ]
  },
  {
    "value": "Xie Jin",
    "synonyms": [
      "Xie Jin"
    ]
  },
  {
    "value": "Boaz Yakin",
    "synonyms": [
      "Boaz Yakin"
    ]
  },
  {
    "value": "Edward Yang",
    "synonyms": [
      "Edward Yang"
    ]
  },
  {
    "value": "Ruby Yang",
    "synonyms": [
      "Ruby Yang"
    ]
  },
  {
    "value": "Jean Yarbrough",
    "synonyms": [
      "Jean Yarbrough"
    ]
  },
  {
    "value": "David Yates",
    "synonyms": [
      "David Yates"
    ]
  },
  {
    "value": "Hal Yates",
    "synonyms": [
      "Hal Yates"
    ]
  },
  {
    "value": "Peter Yates",
    "synonyms": [
      "Peter Yates"
    ]
  },
  {
    "value": "Derek Yee",
    "synonyms": [
      "Derek Yee"
    ]
  },
  {
    "value": "Wilson Yip",
    "synonyms": [
      "Wilson Yip"
    ]
  },
  {
    "value": "Eduard Zahariev",
    "synonyms": [
      "Eduard Zahariev"
    ]
  },
  {
    "value": "Krzysztof Zanussi",
    "synonyms": [
      "Krzysztof Zanussi"
    ]
  },
  {
    "value": "Franco Zeffirelli",
    "synonyms": [
      "Franco Zeffirelli"
    ]
  },
  {
    "value": "Alfred Zeisler",
    "synonyms": [
      "Alfred Zeisler"
    ]
  },
  {
    "value": "Frederic Zelnik",
    "synonyms": [
      "Frederic Zelnik"
    ]
  },
  {
    "value": "Robert Zemeckis",
    "synonyms": [
      "Robert Zemeckis"
    ]
  },
  {
    "value": "Zhang Yang",
    "synonyms": [
      "Zhang Yang"
    ]
  },
  {
    "value": "Zhang Yimou",
    "synonyms": [
      "Zhang Yimou"
    ]
  },
  {
    "value": "Zhang Yuan",
    "synonyms": [
      "Zhang Yuan"
    ]
  },
  {
    "value": "Zheng Junli",
    "synonyms": [
      "Zheng Junli"
    ]
  },
  {
    "value": "Thierry Zéno",
    "synonyms": [
      "Thierry Zéno"
    ]
  },
  {
    "value": "Maheen Zia",
    "synonyms": [
      "Maheen Zia"
    ]
  }
]