[
  {
    "value": "Cimabue",
    "synonyms": [
      "Cimabue"
    ]
  },
  {
    "value": "Duccio di Buoninsegna",
    "synonyms": [
      "Duccio di Buoninsegna"
    ]
  },
  {
    "value": "Giotto di Bondone",
    "synonyms": [
      "Giotto di Bondone"
    ]
  },
  {
    "value": "Simone Martini",
    "synonyms": [
      "Simone Martini"
    ]
  },
  {
    "value": "Jean Pucelle",
    "synonyms": [
      "Jean Pucelle"
    ]
  },
  {
    "value": "Ambrogio Lorenzetti",
    "synonyms": [
      "Ambrogio Lorenzetti"
    ]
  },
  {
    "value": "Pietro Lorenzetti",
    "synonyms": [
      "Pietro Lorenzetti"
    ]
  },
  {
    "value": "Theophanes the Greek",
    "synonyms": [
      "Theophanes the Greek"
    ]
  },
  {
    "value": "Melchior Broederlam",
    "synonyms": [
      "Melchior Broederlam"
    ]
  },
  {
    "value": "Jacquemart de Hesdin",
    "synonyms": [
      "Jacquemart de Hesdin"
    ]
  },
  {
    "value": "Andrei Rublev",
    "synonyms": [
      "Andrei Rublev"
    ]
  },
  {
    "value": "Lorenzo Monaco",
    "synonyms": [
      "Lorenzo Monaco"
    ]
  },
  {
    "value": "Masolino",
    "synonyms": [
      "Masolino"
    ]
  },
  {
    "value": "Pisanello",
    "synonyms": [
      "Pisanello"
    ]
  },
  {
    "value": "Sassetta",
    "synonyms": [
      "Sassetta"
    ]
  },
  {
    "value": "Enguerrand de Charenton",
    "synonyms": [
      "Enguerrand de Charenton"
    ]
  },
  {
    "value": "Jean Fouquet",
    "synonyms": [
      "Jean Fouquet"
    ]
  },
  {
    "value": "Dionysius",
    "synonyms": [
      "Dionysius"
    ]
  },
  {
    "value": "Gentile da Fabriano",
    "synonyms": [
      "Gentile da Fabriano"
    ]
  },
  {
    "value": "Filippo Brunelleschi",
    "synonyms": [
      "Filippo Brunelleschi"
    ]
  },
  {
    "value": "Lorenzo Ghiberti",
    "synonyms": [
      "Lorenzo Ghiberti"
    ]
  },
  {
    "value": "Donatello",
    "synonyms": [
      "Donatello"
    ]
  },
  {
    "value": "Francesco Squarcione",
    "synonyms": [
      "Francesco Squarcione"
    ]
  },
  {
    "value": "Paolo Uccello",
    "synonyms": [
      "Paolo Uccello"
    ]
  },
  {
    "value": "Giovanni di Paolo",
    "synonyms": [
      "Giovanni di Paolo"
    ]
  },
  {
    "value": "Fra Angelico",
    "synonyms": [
      "Fra Angelico"
    ]
  },
  {
    "value": "Tommaso Masaccio",
    "synonyms": [
      "Tommaso Masaccio"
    ]
  },
  {
    "value": "Leon Battista Alberti",
    "synonyms": [
      "Leon Battista Alberti"
    ]
  },
  {
    "value": "Fra Filippo Lippi",
    "synonyms": [
      "Fra Filippo Lippi"
    ]
  },
  {
    "value": "Domenico Veneziano",
    "synonyms": [
      "Domenico Veneziano"
    ]
  },
  {
    "value": "Andrea del Castagno",
    "synonyms": [
      "Andrea del Castagno"
    ]
  },
  {
    "value": "Piero della Francesca",
    "synonyms": [
      "Piero della Francesca"
    ]
  },
  {
    "value": "Antonello da Messina",
    "synonyms": [
      "Antonello da Messina"
    ]
  },
  {
    "value": "Andrea Mantegna",
    "synonyms": [
      "Andrea Mantegna"
    ]
  },
  {
    "value": "Melozzo da Forli",
    "synonyms": [
      "Melozzo da Forli"
    ]
  },
  {
    "value": "Donato Bramante",
    "synonyms": [
      "Donato Bramante"
    ]
  },
  {
    "value": "Alessandro Botticelli",
    "synonyms": [
      "Alessandro Botticelli"
    ]
  },
  {
    "value": "Domenico Ghirlandaio",
    "synonyms": [
      "Domenico Ghirlandaio"
    ]
  },
  {
    "value": "Perugino",
    "synonyms": [
      "Perugino"
    ]
  },
  {
    "value": "Luca Signorelli",
    "synonyms": [
      "Luca Signorelli"
    ]
  },
  {
    "value": "Leonardo da Vinci",
    "synonyms": [
      "Leonardo da Vinci"
    ]
  },
  {
    "value": "Filippino Lippi",
    "synonyms": [
      "Filippino Lippi"
    ]
  },
  {
    "value": "Piero di Cosimo",
    "synonyms": [
      "Piero di Cosimo"
    ]
  },
  {
    "value": "Fra Bartolommeo",
    "synonyms": [
      "Fra Bartolommeo"
    ]
  },
  {
    "value": "Michelangelo Buonarroti",
    "synonyms": [
      "Michelangelo Buonarroti"
    ]
  },
  {
    "value": "Raphael",
    "synonyms": [
      "Raphael"
    ]
  },
  {
    "value": "Sebastiano del Piombo",
    "synonyms": [
      "Sebastiano del Piombo"
    ]
  },
  {
    "value": "Andrea del Sarto",
    "synonyms": [
      "Andrea del Sarto"
    ]
  },
  {
    "value": "Correggio",
    "synonyms": [
      "Correggio"
    ]
  },
  {
    "value": "Gentile Bellini",
    "synonyms": [
      "Gentile Bellini"
    ]
  },
  {
    "value": "Giovanni Bellini",
    "synonyms": [
      "Giovanni Bellini"
    ]
  },
  {
    "value": "Vittore Carpaccio",
    "synonyms": [
      "Vittore Carpaccio"
    ]
  },
  {
    "value": "Giorgione",
    "synonyms": [
      "Giorgione"
    ]
  },
  {
    "value": "Lorenzo Lotto",
    "synonyms": [
      "Lorenzo Lotto"
    ]
  },
  {
    "value": "Titian",
    "synonyms": [
      "Titian"
    ]
  },
  {
    "value": "Andrea Palladio",
    "synonyms": [
      "Andrea Palladio"
    ]
  },
  {
    "value": "Jacopo Bassano",
    "synonyms": [
      "Jacopo Bassano"
    ]
  },
  {
    "value": "Jacopo Tintoretto",
    "synonyms": [
      "Jacopo Tintoretto"
    ]
  },
  {
    "value": "Paolo Veronese",
    "synonyms": [
      "Paolo Veronese"
    ]
  },
  {
    "value": "Robert Campin",
    "synonyms": [
      "Robert Campin"
    ]
  },
  {
    "value": "Jan van Eyck",
    "synonyms": [
      "Jan van Eyck"
    ]
  },
  {
    "value": "Stefan Lochner",
    "synonyms": [
      "Stefan Lochner"
    ]
  },
  {
    "value": "Roger Van der Weyden",
    "synonyms": [
      "Roger Van der Weyden"
    ]
  },
  {
    "value": "Dieric",
    "synonyms": [
      "Dieric"
    ]
  },
  {
    "value": "Petrus Christus",
    "synonyms": [
      "Petrus Christus"
    ]
  },
  {
    "value": "Hans Memling",
    "synonyms": [
      "Hans Memling"
    ]
  },
  {
    "value": "Michael Pacher",
    "synonyms": [
      "Michael Pacher"
    ]
  },
  {
    "value": "Hugo Van Der Goes",
    "synonyms": [
      "Hugo Van Der Goes"
    ]
  },
  {
    "value": "Martin Schongauer",
    "synonyms": [
      "Martin Schongauer"
    ]
  },
  {
    "value": "Hieronymus Bosch",
    "synonyms": [
      "Hieronymus Bosch"
    ]
  },
  {
    "value": "Quentin Massys",
    "synonyms": [
      "Quentin Massys"
    ]
  },
  {
    "value": "Matthias Grunewald",
    "synonyms": [
      "Matthias Grunewald"
    ]
  },
  {
    "value": "Albrecht Durer",
    "synonyms": [
      "Albrecht Durer"
    ]
  },
  {
    "value": "Lucas Cranach the Elder",
    "synonyms": [
      "Lucas Cranach the Elder"
    ]
  },
  {
    "value": "Albrecht Altdorfer",
    "synonyms": [
      "Albrecht Altdorfer"
    ]
  },
  {
    "value": "Hans Baldung Grien",
    "synonyms": [
      "Hans Baldung Grien"
    ]
  },
  {
    "value": "Joachim Patenier",
    "synonyms": [
      "Joachim Patenier"
    ]
  },
  {
    "value": "Hans Holbein The Younger",
    "synonyms": [
      "Hans Holbein The Younger"
    ]
  },
  {
    "value": "Pieter Bruegel the Elder",
    "synonyms": [
      "Pieter Bruegel the Elder"
    ]
  },
  {
    "value": "Nicholas Hilliard",
    "synonyms": [
      "Nicholas Hilliard"
    ]
  },
  {
    "value": "Rosso Fiorentino",
    "synonyms": [
      "Rosso Fiorentino"
    ]
  },
  {
    "value": "Jacopo Pontormo",
    "synonyms": [
      "Jacopo Pontormo"
    ]
  },
  {
    "value": "Giulio Romano",
    "synonyms": [
      "Giulio Romano"
    ]
  },
  {
    "value": "Parmigianino",
    "synonyms": [
      "Parmigianino"
    ]
  },
  {
    "value": "Agnolo Bronzino",
    "synonyms": [
      "Agnolo Bronzino"
    ]
  },
  {
    "value": "Giorgio Vasari",
    "synonyms": [
      "Giorgio Vasari"
    ]
  },
  {
    "value": "Giuseppe Arcimboldo",
    "synonyms": [
      "Giuseppe Arcimboldo"
    ]
  },
  {
    "value": "Giambologna",
    "synonyms": [
      "Giambologna"
    ]
  },
  {
    "value": "El Greco",
    "synonyms": [
      "El Greco"
    ]
  },
  {
    "value": "Ludovico Carracci",
    "synonyms": [
      "Ludovico Carracci"
    ]
  },
  {
    "value": "Agostino Carracci",
    "synonyms": [
      "Agostino Carracci"
    ]
  },
  {
    "value": "Annibale Carracci",
    "synonyms": [
      "Annibale Carracci"
    ]
  },
  {
    "value": "Francisco Ribalta",
    "synonyms": [
      "Francisco Ribalta"
    ]
  },
  {
    "value": "Caravaggio",
    "synonyms": [
      "Caravaggio"
    ]
  },
  {
    "value": "Guido Reni",
    "synonyms": [
      "Guido Reni"
    ]
  },
  {
    "value": "Peter Paul Rubens",
    "synonyms": [
      "Peter Paul Rubens"
    ]
  },
  {
    "value": "Adam Elsheimer",
    "synonyms": [
      "Adam Elsheimer"
    ]
  },
  {
    "value": "Battistello Caracciolo",
    "synonyms": [
      "Battistello Caracciolo"
    ]
  },
  {
    "value": "Domenichino",
    "synonyms": [
      "Domenichino"
    ]
  },
  {
    "value": "Giovanni Lanfranco",
    "synonyms": [
      "Giovanni Lanfranco"
    ]
  }
]