[
  {
    "value": "@actor",
    "synonyms": [
      "@actor"
    ]
  },
  {
    "value": "@movie-director",
    "synonyms": [
      "@movie-director"
    ]
  },
  {
    "value": "@composer",
    "synonyms": [
      "@composer"
    ]
  },
  {
    "value": "@sys.music-artist",
    "synonyms": [
      "@sys.music-artist"
    ]
  },
  {
    "value": "@writer",
    "synonyms": [
      "@writer"
    ]
  },
  {
    "value": "@politician",
    "synonyms": [
      "@politician"
    ]
  },
  {
    "value": "@painter",
    "synonyms": [
      "@painter"
    ]
  },
  {
    "value": "@sportsman",
    "synonyms": [
      "@sportsman"
    ]
  },
  {
    "value": "@model",
    "synonyms": [
      "@model"
    ]
  }
]