[
  {
    "value": "Bill Clinton",
    "synonyms": [
      "Bill Clinton"
    ]
  },
  {
    "value": "Chris Christie",
    "synonyms": [
      "Chris Christie"
    ]
  },
  {
    "value": "Michael Bloomberg",
    "synonyms": [
      "Michael Bloomberg"
    ]
  },
  {
    "value": "Warren Buffett",
    "synonyms": [
      "Warren Buffett"
    ]
  },
  {
    "value": "Karl Rove",
    "synonyms": [
      "Karl Rove"
    ]
  },
  {
    "value": "Joe Biden",
    "synonyms": [
      "Joe Biden"
    ]
  },
  {
    "value": "John Boehner",
    "synonyms": [
      "John Boehner"
    ]
  },
  {
    "value": "Hillary Clinton",
    "synonyms": [
      "Hillary Clinton"
    ]
  },
  {
    "value": "Harry Reid",
    "synonyms": [
      "Harry Reid"
    ]
  },
  {
    "value": "Barack Obama",
    "synonyms": [
      "Barack Obama"
    ]
  },
  {
    "value": "Valerie Jarrett",
    "synonyms": [
      "Valerie Jarrett"
    ]
  },
  {
    "value": "Ben Bernanke",
    "synonyms": [
      "Ben Bernanke"
    ]
  },
  {
    "value": "Ron Paul",
    "synonyms": [
      "Ron Paul"
    ]
  },
  {
    "value": "Sheldon Adelson",
    "synonyms": [
      "Sheldon Adelson"
    ]
  },
  {
    "value": "Stephen Colbert",
    "synonyms": [
      "Stephen Colbert"
    ]
  },
  {
    "value": "Binyamin Netanyahu",
    "synonyms": [
      "Binyamin Netanyahu"
    ]
  },
  {
    "value": "Jim Messina",
    "synonyms": [
      "Jim Messina"
    ]
  },
  {
    "value": "Nate Silver",
    "synonyms": [
      "Nate Silver"
    ]
  },
  {
    "value": "John Roberts",
    "synonyms": [
      "John Roberts"
    ]
  },
  {
    "value": "Kathleen Sebelius",
    "synonyms": [
      "Kathleen Sebelius"
    ]
  },
  {
    "value": "Timothy Dolan",
    "synonyms": [
      "Timothy Dolan"
    ]
  },
  {
    "value": "Tim Geithner",
    "synonyms": [
      "Tim Geithner"
    ]
  },
  {
    "value": "Marco Rubio",
    "synonyms": [
      "Marco Rubio"
    ]
  },
  {
    "value": "Scott Walker",
    "synonyms": [
      "Scott Walker"
    ]
  },
  {
    "value": "Elizabeth Warren",
    "synonyms": [
      "Elizabeth Warren"
    ]
  },
  {
    "value": "Paul Ryan",
    "synonyms": [
      "Paul Ryan"
    ]
  },
  {
    "value": "Bill Burton",
    "synonyms": [
      "Bill Burton"
    ]
  },
  {
    "value": "Allen St. Pierre",
    "synonyms": [
      "Allen St. Pierre"
    ]
  },
  {
    "value": "Tom Jensen",
    "synonyms": [
      "Tom Jensen"
    ]
  },
  {
    "value": "Jim DeMint",
    "synonyms": [
      "Jim DeMint"
    ]
  },
  {
    "value": "David Brock",
    "synonyms": [
      "David Brock"
    ]
  },
  {
    "value": "Grover Norquist",
    "synonyms": [
      "Grover Norquist"
    ]
  },
  {
    "value": "Andrew Cuomo",
    "synonyms": [
      "Andrew Cuomo"
    ]
  }
]