[
  {
    "value": "1 thing have desire",
    "synonyms": [
      "1 thing have desire"
    ]
  },
  {
    "value": "6 Words",
    "synonyms": [
      "6 Words"
    ]
  },
  {
    "value": "7/11",
    "synonyms": [
      "7/11",
      "711"
    ]
  },
  {
    "value": "99 Problems",
    "synonyms": [
      "99 Problems"
    ]
  },
  {
    "value": "A little bit closer",
    "synonyms": [
      "A little bit closer"
    ]
  },
  {
    "value": "A Sky Full Of Stars",
    "synonyms": [
      "A Sky Full Of Stars"
    ]
  },
  {
    "value": "A Team",
    "synonyms": [
      "A Team"
    ]
  },
  {
    "value": "A Thousand Years",
    "synonyms": [
      "A Thousand Years"
    ]
  },
  {
    "value": "A Whole New World",
    "synonyms": [
      "A Whole New World"
    ]
  },
  {
    "value": "Aafno man",
    "synonyms": [
      "Aafno man"
    ]
  },
  {
    "value": "Aaron and Maria",
    "synonyms": [
      "Aaron and Maria"
    ]
  },
  {
    "value": "Addicted to love",
    "synonyms": [
      "Addicted to love"
    ]
  },
  {
    "value": "Adore You",
    "synonyms": [
      "Adore You"
    ]
  },
  {
    "value": "Afire Love",
    "synonyms": [
      "Afire Love"
    ]
  },
  {
    "value": "Ain\u0027t no truck in texas",
    "synonyms": [
      "Ain t no truck in texas"
    ]
  },
  {
    "value": "Alive",
    "synonyms": [
      "Alive"
    ]
  },
  {
    "value": "All About That Bass",
    "synonyms": [
      "All About That Bass"
    ]
  },
  {
    "value": "All about the base",
    "synonyms": [
      "All about the base"
    ]
  },
  {
    "value": "All Of Me",
    "synonyms": [
      "All Of Me"
    ]
  },
  {
    "value": "All the way",
    "synonyms": [
      "All the way"
    ]
  },
  {
    "value": "Allah lot",
    "synonyms": [
      "Allah lot"
    ]
  },
  {
    "value": "Am I Wrong",
    "synonyms": [
      "Am I Wrong"
    ]
  },
  {
    "value": "American Beauty",
    "synonyms": [
      "American Beauty"
    ]
  },
  {
    "value": "Anaconda",
    "synonyms": [
      "Anaconda"
    ]
  },
  {
    "value": "And justice for all live",
    "synonyms": [
      "And justice for all live"
    ]
  },
  {
    "value": "And When I Die",
    "synonyms": [
      "And When I Die"
    ]
  },
  {
    "value": "Angel de amor",
    "synonyms": [
      "Angel de amor"
    ]
  },
  {
    "value": "Angel Of Small Death and The Codeine Scene",
    "synonyms": [
      "Angel Of Small Death and The Codeine Scene"
    ]
  },
  {
    "value": "Angel",
    "synonyms": [
      "Angel"
    ]
  },
  {
    "value": "Animals",
    "synonyms": [
      "Animals"
    ]
  },
  {
    "value": "Another Brick in the Wall",
    "synonyms": [
      "Another Brick in the Wall"
    ]
  },
  {
    "value": "Apel",
    "synonyms": [
      "Apel"
    ]
  },
  {
    "value": "Apparently",
    "synonyms": [
      "Apparently"
    ]
  },
  {
    "value": "Applause",
    "synonyms": [
      "Applause"
    ]
  },
  {
    "value": "As long as you love me",
    "synonyms": [
      "As long as you love me"
    ]
  },
  {
    "value": "Autumn Leaves",
    "synonyms": [
      "Autumn Leaves"
    ]
  },
  {
    "value": "Back in black",
    "synonyms": [
      "Back in black"
    ]
  },
  {
    "value": "Back in time",
    "synonyms": [
      "Back in time"
    ]
  },
  {
    "value": "Back to black",
    "synonyms": [
      "Back to black"
    ]
  },
  {
    "value": "Bad Blood",
    "synonyms": [
      "Bad Blood"
    ]
  },
  {
    "value": "Bad",
    "synonyms": [
      "Bad"
    ]
  },
  {
    "value": "Bang Bang",
    "synonyms": [
      "Bang Bang"
    ]
  },
  {
    "value": "Banmarale",
    "synonyms": [
      "Banmarale"
    ]
  },
  {
    "value": "Barbie",
    "synonyms": [
      "Barbie"
    ]
  },
  {
    "value": "Bass pedal",
    "synonyms": [
      "Bass pedal"
    ]
  },
  {
    "value": "Beach",
    "synonyms": [
      "Beach"
    ]
  },
  {
    "value": "Beauty and a beat",
    "synonyms": [
      "Beauty and a beat"
    ]
  },
  {
    "value": "Bed Of Lies",
    "synonyms": [
      "Bed Of Lies"
    ]
  },
  {
    "value": "Before june gets back",
    "synonyms": [
      "Before june gets back"
    ]
  },
  {
    "value": "Being Boring",
    "synonyms": [
      "Being Boring"
    ]
  },
  {
    "value": "Believe",
    "synonyms": [
      "Believe"
    ]
  },
  {
    "value": "Best Day Of My Life",
    "synonyms": [
      "Best Day Of My Life"
    ]
  },
  {
    "value": "Best Song Ever",
    "synonyms": [
      "Best Song Ever"
    ]
  },
  {
    "value": "Better Begin",
    "synonyms": [
      "Better Begin"
    ]
  },
  {
    "value": "Better than i used to be",
    "synonyms": [
      "Better than i used to be"
    ]
  },
  {
    "value": "Billie Jean",
    "synonyms": [
      "Billie Jean"
    ]
  },
  {
    "value": "Bird",
    "synonyms": [
      "Bird"
    ]
  },
  {
    "value": "Blabla",
    "synonyms": [
      "Blabla"
    ]
  },
  {
    "value": "Black Widow",
    "synonyms": [
      "Black Widow"
    ]
  },
  {
    "value": "Blackbird",
    "synonyms": [
      "Blackbird"
    ]
  },
  {
    "value": "Blame it on me",
    "synonyms": [
      "Blame it on me"
    ]
  },
  {
    "value": "Blame",
    "synonyms": [
      "Blame"
    ]
  },
  {
    "value": "Blank Space",
    "synonyms": [
      "Blank Space"
    ]
  },
  {
    "value": "Bleeding Love",
    "synonyms": [
      "Bleeding Love"
    ]
  },
  {
    "value": "Blinded By The Light",
    "synonyms": [
      "Blinded By The Light"
    ]
  },
  {
    "value": "Bloodstream",
    "synonyms": [
      "Bloodstream"
    ]
  },
  {
    "value": "Blow me one last kiss",
    "synonyms": [
      "Blow me one last kiss"
    ]
  },
  {
    "value": "Blurred Lines",
    "synonyms": [
      "Blurred Lines"
    ]
  },
  {
    "value": "Board of town",
    "synonyms": [
      "Board of town"
    ]
  },
  {
    "value": "Body Language",
    "synonyms": [
      "Body Language"
    ]
  },
  {
    "value": "Bodyguard",
    "synonyms": [
      "Bodyguard"
    ]
  },
  {
    "value": "Bohemian Rhapsody",
    "synonyms": [
      "Bohemian Rhapsody"
    ]
  },
  {
    "value": "Boom Clap",
    "synonyms": [
      "Boom Clap"
    ]
  },
  {
    "value": "Born This Way",
    "synonyms": [
      "Born This Way"
    ]
  },
  {
    "value": "Bottal khol",
    "synonyms": [
      "Bottal khol"
    ]
  },
  {
    "value": "Boys and girls",
    "synonyms": [
      "Boys and girls"
    ]
  },
  {
    "value": "Bread",
    "synonyms": [
      "Bread"
    ]
  },
  {
    "value": "Break Free",
    "synonyms": [
      "Break Free"
    ]
  },
  {
    "value": "Breezeblocks",
    "synonyms": [
      "Breezeblocks"
    ]
  },
  {
    "value": "Brown rang",
    "synonyms": [
      "Brown rang"
    ]
  },
  {
    "value": "Budapest",
    "synonyms": [
      "Budapest"
    ]
  },
  {
    "value": "Bump \u0026 Grind",
    "synonyms": [
      "Bump \u0026 Grind"
    ]
  },
  {
    "value": "Bump n\u0027 Grind",
    "synonyms": [
      "Bump n\u0027 Grind"
    ]
  },
  {
    "value": "Burn",
    "synonyms": [
      "Burn"
    ]
  },
  {
    "value": "Ça Marche",
    "synonyms": [
      "Ça Marche"
    ]
  },
  {
    "value": "Call bottoms up",
    "synonyms": [
      "Call bottoms up"
    ]
  },
  {
    "value": "Call Me Maybe",
    "synonyms": [
      "Call Me Maybe"
    ]
  },
  {
    "value": "Call on and on",
    "synonyms": [
      "Call on and on"
    ]
  },
  {
    "value": "Can t touch this",
    "synonyms": [
      "Can t touch this"
    ]
  },
  {
    "value": "Can\u0027t Hold Us",
    "synonyms": [
      "Can\u0027t Hold Us"
    ]
  },
  {
    "value": "Can\u0027t Remember To Forget You",
    "synonyms": [
      "Can t Remember To Forget You, Cant Remember To Forget You"
    ]
  },
  {
    "value": "Can\u0027t Touch This",
    "synonyms": [
      "Can t Touch This, Cant Touch This"
    ]
  },
  {
    "value": "Can\u0027t Feel My Face",
    "synonyms": [
      "Can\u0027t Feel My Face"
    ]
  },
  {
    "value": "Careless Whisper",
    "synonyms": [
      "Careless Whisper"
    ]
  },
  {
    "value": "Cassy O",
    "synonyms": [
      "Cassy O"
    ]
  },
  {
    "value": "Cat catch this",
    "synonyms": [
      "Cat catch this"
    ]
  },
  {
    "value": "Centuries",
    "synonyms": [
      "Centuries"
    ]
  },
  {
    "value": "Chacha",
    "synonyms": [
      "Chacha"
    ]
  },
  {
    "value": "Chandelier",
    "synonyms": [
      "Chandelier"
    ]
  },
  {
    "value": "Changed",
    "synonyms": [
      "Changed"
    ]
  },
  {
    "value": "Changing",
    "synonyms": [
      "Changing"
    ]
  },
  {
    "value": "Cheerleader",
    "synonyms": [
      "Cheerleader"
    ]
  },
  {
    "value": "Chicken",
    "synonyms": [
      "Chicken"
    ]
  },
  {
    "value": "Child In Time",
    "synonyms": [
      "Child In Time"
    ]
  },
  {
    "value": "Chinta ta chita chita",
    "synonyms": [
      "Chinta ta chita chita"
    ]
  },
  {
    "value": "Chocolate",
    "synonyms": [
      "Chocolate"
    ]
  },
  {
    "value": "Clap yo hands",
    "synonyms": [
      "Clap yo hands"
    ]
  },
  {
    "value": "Clarity",
    "synonyms": [
      "Clarity"
    ]
  },
  {
    "value": "Classic",
    "synonyms": [
      "Classic"
    ]
  },
  {
    "value": "Cocktail song",
    "synonyms": [
      "Cocktail song"
    ]
  },
  {
    "value": "CoCo",
    "synonyms": [
      "CoCo"
    ]
  },
  {
    "value": "Cocoon",
    "synonyms": [
      "Cocoon"
    ]
  },
  {
    "value": "Come Together",
    "synonyms": [
      "Come Together"
    ]
  },
  {
    "value": "Comes with her",
    "synonyms": [
      "Comes with her"
    ]
  },
  {
    "value": "Congratulations",
    "synonyms": [
      "Congratulations"
    ]
  },
  {
    "value": "Cool Kids",
    "synonyms": [
      "Cool Kids"
    ]
  },
  {
    "value": "Counting Stars",
    "synonyms": [
      "Counting Stars"
    ]
  },
  {
    "value": "Crazy",
    "synonyms": [
      "Crazy"
    ]
  },
  {
    "value": "Cup Song",
    "synonyms": [
      "Cup Song"
    ]
  },
  {
    "value": "Cups",
    "synonyms": [
      "Cups"
    ]
  },
  {
    "value": "Dancing on my own",
    "synonyms": [
      "Dancing on my own"
    ]
  },
  {
    "value": "Dancing queen",
    "synonyms": [
      "Dancing queen"
    ]
  },
  {
    "value": "Dangerous",
    "synonyms": [
      "Dangerous"
    ]
  },
  {
    "value": "Dark Horse",
    "synonyms": [
      "Dark Horse"
    ]
  },
  {
    "value": "Dark side of the moon",
    "synonyms": [
      "Dark side of the moon"
    ]
  },
  {
    "value": "Dati",
    "synonyms": [
      "Dati"
    ]
  },
  {
    "value": "Dear Future Husband",
    "synonyms": [
      "Dear Future Husband"
    ]
  },
  {
    "value": "Defying Gravity",
    "synonyms": [
      "Defying Gravity"
    ]
  },
  {
    "value": "Demons",
    "synonyms": [
      "Demons"
    ]
  },
  {
    "value": "Diamonds",
    "synonyms": [
      "Diamonds"
    ]
  },
  {
    "value": "Dirty Paws",
    "synonyms": [
      "Dirty Paws"
    ]
  },
  {
    "value": "Dirty water",
    "synonyms": [
      "Dirty water"
    ]
  },
  {
    "value": "Disturbia",
    "synonyms": [
      "Disturbia"
    ]
  },
  {
    "value": "Divine Sorrow",
    "synonyms": [
      "Divine Sorrow"
    ]
  },
  {
    "value": "Do I Wanna Know?",
    "synonyms": [
      "Do I Wanna Know?"
    ]
  },
  {
    "value": "Do Wah Diddy Diddy",
    "synonyms": [
      "Do Wah Diddy Diddy",
      "Do Wah Diddy"
    ]
  },
  {
    "value": "Do What U Want",
    "synonyms": [
      "Do What U Want"
    ]
  },
  {
    "value": "Do You Wanna Build a Snowman?",
    "synonyms": [
      "Do You Wanna Build a Snowman?"
    ]
  },
  {
    "value": "Don\u0027t Tell Em",
    "synonyms": [
      "Don\u0027t Tell Em"
    ]
  },
  {
    "value": "Don\u0027t You Remember",
    "synonyms": [
      "Don t You Remember, Dont You Remember"
    ]
  },
  {
    "value": "Drunk In Love",
    "synonyms": [
      "Drunk In Love"
    ]
  },
  {
    "value": "Earned It by The Weeknd",
    "synonyms": [
      "Earned It by The Weeknd"
    ]
  },
  {
    "value": "Earned It",
    "synonyms": [
      "Earned It"
    ]
  },
  {
    "value": "Einer dieser Steine",
    "synonyms": [
      "Einer dieser Steine"
    ]
  },
  {
    "value": "El Perdon",
    "synonyms": [
      "El Perdon"
    ]
  },
  {
    "value": "Elastic Heart",
    "synonyms": [
      "Elastic Heart"
    ]
  },
  {
    "value": "Emily",
    "synonyms": [
      "Emily"
    ]
  },
  {
    "value": "Empire State Of Mind",
    "synonyms": [
      "Empire State Of Mind"
    ]
  },
  {
    "value": "Encantadora",
    "synonyms": [
      "Encantadora"
    ]
  },
  {
    "value": "Endless Love",
    "synonyms": [
      "Endless Love"
    ]
  },
  {
    "value": "Every Other Freckle",
    "synonyms": [
      "Every Other Freckle"
    ]
  },
  {
    "value": "Every Breath You Take",
    "synonyms": [
      "Every Breath You Take"
    ]
  },
  {
    "value": "Faded",
    "synonyms": [
      "Faded"
    ]
  },
  {
    "value": "Faithfully",
    "synonyms": [
      "Faithfully"
    ]
  },
  {
    "value": "Fancy",
    "synonyms": [
      "Fancy"
    ]
  },
  {
    "value": "Feel this moment",
    "synonyms": [
      "Feel this moment"
    ]
  },
  {
    "value": "Fight song",
    "synonyms": [
      "Fight song"
    ]
  },
  {
    "value": "Find the song all the way",
    "synonyms": [
      "Find the song all the way"
    ]
  },
  {
    "value": "Fire meets gasoline",
    "synonyms": [
      "Fire meets gasoline"
    ]
  },
  {
    "value": "Firestone",
    "synonyms": [
      "Firestone"
    ]
  },
  {
    "value": "Firework",
    "synonyms": [
      "Firework"
    ]
  },
  {
    "value": "Fix You",
    "synonyms": [
      "Fix You"
    ]
  },
  {
    "value": "Fly Me To The Moon",
    "synonyms": [
      "Fly Me To The Moon"
    ]
  },
  {
    "value": "Formidable",
    "synonyms": [
      "Formidable"
    ]
  },
  {
    "value": "Fourth Of July",
    "synonyms": [
      "Fourth Of July"
    ]
  },
  {
    "value": "Free Falling",
    "synonyms": [
      "Free Falling"
    ]
  },
  {
    "value": "Fricken\u0027 Awesome",
    "synonyms": [
      "Fricken\u0027 Awesome"
    ]
  },
  {
    "value": "From Eden",
    "synonyms": [
      "From Eden"
    ]
  },
  {
    "value": "Fuck",
    "synonyms": [
      "Fuck"
    ]
  },
  {
    "value": "Gangsta\u0027s Paradise",
    "synonyms": [
      "Gangsta\u0027s Paradise"
    ]
  },
  {
    "value": "Gas pedal",
    "synonyms": [
      "Gas pedal"
    ]
  },
  {
    "value": "Gecko by Oliver Heldens",
    "synonyms": [
      "Gecko by Oliver Heldens"
    ]
  },
  {
    "value": "Gecko",
    "synonyms": [
      "Gecko"
    ]
  },
  {
    "value": "Geiles Leben",
    "synonyms": [
      "Geiles Leben"
    ]
  },
  {
    "value": "Geronimo",
    "synonyms": [
      "Geronimo"
    ]
  },
  {
    "value": "Ghost",
    "synonyms": [
      "Ghost"
    ]
  },
  {
    "value": "Give Me Love",
    "synonyms": [
      "Give Me Love"
    ]
  },
  {
    "value": "Gives you hell",
    "synonyms": [
      "Gives you hell"
    ]
  },
  {
    "value": "Go All Night",
    "synonyms": [
      "Go All Night"
    ]
  },
  {
    "value": "Good mood",
    "synonyms": [
      "Good mood"
    ]
  },
  {
    "value": "Gorilla",
    "synonyms": [
      "Gorilla"
    ]
  },
  {
    "value": "Greatness of our god",
    "synonyms": [
      "Greatness of our god"
    ]
  },
  {
    "value": "Green grass and high times",
    "synonyms": [
      "Green grass and high times"
    ]
  },
  {
    "value": "Grenade",
    "synonyms": [
      "Grenade"
    ]
  },
  {
    "value": "Grew",
    "synonyms": [
      "Grew"
    ]
  },
  {
    "value": "Habits",
    "synonyms": [
      "Habits"
    ]
  },
  {
    "value": "Half a Heart",
    "synonyms": [
      "Half a Heart"
    ]
  },
  {
    "value": "Hammer in my heart",
    "synonyms": [
      "Hammer in my heart"
    ]
  },
  {
    "value": "Happily",
    "synonyms": [
      "Happily"
    ]
  },
  {
    "value": "Harder better faster",
    "synonyms": [
      "Harder better faster"
    ]
  },
  {
    "value": "Harry Styles radio",
    "synonyms": [
      "Harry Styles radio"
    ]
  },
  {
    "value": "Hay sin",
    "synonyms": [
      "Hay sin"
    ]
  },
  {
    "value": "Heal",
    "synonyms": [
      "Heal"
    ]
  },
  {
    "value": "Heart attack",
    "synonyms": [
      "Heart attack"
    ]
  },
  {
    "value": "Hello",
    "synonyms": [
      "Hello"
    ]
  },
  {
    "value": "Here comes the sun",
    "synonyms": [
      "Here comes the sun"
    ]
  },
  {
    "value": "Hero",
    "synonyms": [
      "Hero"
    ]
  },
  {
    "value": "Heroes by Alesso",
    "synonyms": [
      "Heroes by Alesso"
    ]
  },
  {
    "value": "Heroes",
    "synonyms": [
      "Heroes"
    ]
  },
  {
    "value": "Hey Brother",
    "synonyms": [
      "Hey Brother"
    ]
  },
  {
    "value": "Hey Jude",
    "synonyms": [
      "Hey Jude"
    ]
  },
  {
    "value": "Hey Ya",
    "synonyms": [
      "Hey Ya"
    ]
  },
  {
    "value": "Hideaway",
    "synonyms": [
      "Hideaway"
    ]
  },
  {
    "value": "Ho Hey",
    "synonyms": [
      "Ho Hey"
    ]
  },
  {
    "value": "Ho nahi sakda",
    "synonyms": [
      "Ho nahi sakda"
    ]
  },
  {
    "value": "Hold Back The River",
    "synonyms": [
      "Hold Back The River"
    ]
  },
  {
    "value": "Hold On, We\u0027re Going Home",
    "synonyms": [
      "Hold On, We\u0027re Going Home"
    ]
  },
  {
    "value": "Hollaback Girl",
    "synonyms": [
      "Hollaback Girl"
    ]
  },
  {
    "value": "Holy Grail",
    "synonyms": [
      "Holy Grail"
    ]
  },
  {
    "value": "Home sweet home",
    "synonyms": [
      "Home sweet home"
    ]
  },
  {
    "value": "Home To Mama",
    "synonyms": [
      "Home To Mama"
    ]
  },
  {
    "value": "Hotel",
    "synonyms": [
      "Hotel"
    ]
  },
  {
    "value": "How Long Will I Love You",
    "synonyms": [
      "How Long Will I Love You"
    ]
  },
  {
    "value": "How You Remind Me",
    "synonyms": [
      "How You Remind Me"
    ]
  },
  {
    "value": "Huh",
    "synonyms": [
      "Huh"
    ]
  },
  {
    "value": "Hurricane",
    "synonyms": [
      "Hurricane"
    ]
  },
  {
    "value": "Huuu",
    "synonyms": [
      "Huuu"
    ]
  },
  {
    "value": "Hyperballad",
    "synonyms": [
      "Hyperballad"
    ]
  },
  {
    "value": "I Don\u0027t Fuck With You",
    "synonyms": [
      "I Don\u0027t Fuck With You"
    ]
  },
  {
    "value": "I Don\u0027t Know",
    "synonyms": [
      "I Don t Know, I Dont Know"
    ]
  },
  {
    "value": "I Follow Rivers",
    "synonyms": [
      "I Follow Rivers"
    ]
  },
  {
    "value": "I Forget Where We Were by Ben Howard",
    "synonyms": [
      "I Forget Where We Were by Ben Howard"
    ]
  },
  {
    "value": "I Forget Where We Were",
    "synonyms": [
      "I Forget Where We Were"
    ]
  },
  {
    "value": "I Got U",
    "synonyms": [
      "I Got U"
    ]
  },
  {
    "value": "I Loved You by Blonde",
    "synonyms": [
      "I Loved You by Blonde"
    ]
  },
  {
    "value": "I Loved You",
    "synonyms": [
      "I Loved You"
    ]
  },
  {
    "value": "I need to feel loved",
    "synonyms": [
      "I need to feel loved"
    ]
  },
  {
    "value": "I never dreamed you d leave in summer",
    "synonyms": [
      "I never dreamed you d leave in summer"
    ]
  },
  {
    "value": "I Never Dreamed You\u0027d Leave In Summer",
    "synonyms": [
      "I Never Dreamed You d Leave In Summer, I Never Dreamed Youd Leave In Summer"
    ]
  },
  {
    "value": "I See Fire",
    "synonyms": [
      "I See Fire"
    ]
  },
  {
    "value": "I Want It That Way",
    "synonyms": [
      "I Want It That Way"
    ]
  },
  {
    "value": "I want to go",
    "synonyms": [
      "I want to go"
    ]
  },
  {
    "value": "I Will Never Let You Down",
    "synonyms": [
      "I Will Never Let You Down"
    ]
  },
  {
    "value": "I Will Survive",
    "synonyms": [
      "I Will Survive"
    ]
  },
  {
    "value": "I Won\u0027t Give Up",
    "synonyms": [
      "I Won t Give Up, I Wont Give Up"
    ]
  },
  {
    "value": "I Kissed a Girl",
    "synonyms": [
      "I Kissed a Girl"
    ]
  },
  {
    "value": "I Will Always Love You",
    "synonyms": [
      "I Will Always Love You"
    ]
  },
  {
    "value": "If I could fly",
    "synonyms": [
      "If I could fly"
    ]
  },
  {
    "value": "If I Were A Boy",
    "synonyms": [
      "If I Were A Boy"
    ]
  },
  {
    "value": "Ignition",
    "synonyms": [
      "Ignition"
    ]
  },
  {
    "value": "I\u0027m A Mess",
    "synonyms": [
      "I\u0027m A Mess"
    ]
  },
  {
    "value": "I\u0027m an Albatraoz",
    "synonyms": [
      "I\u0027m an Albatraoz"
    ]
  },
  {
    "value": "I\u0027m Gonna Show You Crazy",
    "synonyms": [
      "I\u0027m Gonna Show You Crazy"
    ]
  },
  {
    "value": "I\u0027m Not The Only One",
    "synonyms": [
      "I\u0027m Not The Only One"
    ]
  },
  {
    "value": "I\u0027m Yours",
    "synonyms": [
      "I m Yours, Im Yours"
    ]
  },
  {
    "value": "Impossible",
    "synonyms": [
      "Impossible"
    ]
  },
  {
    "value": "In demand",
    "synonyms": [
      "In demand"
    ]
  },
  {
    "value": "In Da Club",
    "synonyms": [
      "In Da Club"
    ]
  },
  {
    "value": "India happy",
    "synonyms": [
      "India happy"
    ]
  },
  {
    "value": "Into my eyes",
    "synonyms": [
      "Into my eyes"
    ]
  },
  {
    "value": "Irreplaceable",
    "synonyms": [
      "Irreplaceable"
    ]
  },
  {
    "value": "Irresistible",
    "synonyms": [
      "Irresistible"
    ]
  },
  {
    "value": "It Must Have Been Love",
    "synonyms": [
      "It Must Have Been Love"
    ]
  },
  {
    "value": "It\u0027s Now or Never",
    "synonyms": [
      "It s Now or Never"
    ]
  },
  {
    "value": "Je Vole",
    "synonyms": [
      "Je Vole"
    ]
  },
  {
    "value": "Jealous",
    "synonyms": [
      "Jealous"
    ]
  },
  {
    "value": "Jesus rise",
    "synonyms": [
      "Jesus rise"
    ]
  },
  {
    "value": "Jet Pack Blues",
    "synonyms": [
      "Jet Pack Blues"
    ]
  },
  {
    "value": "Julia",
    "synonyms": [
      "julia"
    ]
  },
  {
    "value": "Just Give Me A Reason",
    "synonyms": [
      "Just Give Me A Reason"
    ]
  },
  {
    "value": "Just The Way You Are",
    "synonyms": [
      "Just The Way You Are"
    ]
  },
  {
    "value": "Kathleen",
    "synonyms": [
      "Kathleen"
    ]
  },
  {
    "value": "Killer Queen",
    "synonyms": [
      "Killer Queen"
    ]
  },
  {
    "value": "Last All Night",
    "synonyms": [
      "Last All Night"
    ]
  },
  {
    "value": "Latch",
    "synonyms": [
      "Latch"
    ]
  },
  {
    "value": "Lay Me Down",
    "synonyms": [
      "Lay Me Down"
    ]
  },
  {
    "value": "Leave Your Lover",
    "synonyms": [
      "Leave Your Lover"
    ]
  },
  {
    "value": "Left Hand Free",
    "synonyms": [
      "Left Hand Free"
    ]
  },
  {
    "value": "Lego House",
    "synonyms": [
      "Lego House"
    ]
  },
  {
    "value": "Lemonade",
    "synonyms": [
      "lemonade"
    ]
  },
  {
    "value": "Let Her Go",
    "synonyms": [
      "Let Her Go"
    ]
  },
  {
    "value": "Let it be",
    "synonyms": [
      "Let it be"
    ]
  },
  {
    "value": "Let It Go",
    "synonyms": [
      "Let It Go"
    ]
  },
  {
    "value": "Let Me Go",
    "synonyms": [
      "Let Me Go"
    ]
  },
  {
    "value": "Light Em Up",
    "synonyms": [
      "Light Em Up"
    ]
  },
  {
    "value": "Light Em Up",
    "synonyms": [
      "Light Em Up"
    ]
  },
  {
    "value": "Like a Virgin",
    "synonyms": [
      "Like a Virgin"
    ]
  },
  {
    "value": "Like I Can",
    "synonyms": [
      "Like I Can"
    ]
  },
  {
    "value": "Lips Are Movin",
    "synonyms": [
      "Lips Are Movin"
    ]
  },
  {
    "value": "Listen to the Man",
    "synonyms": [
      "Listen to the Man"
    ]
  },
  {
    "value": "Listen to your heart",
    "synonyms": [
      "Listen to your heart"
    ]
  },
  {
    "value": "Little Talks",
    "synonyms": [
      "Little Talks"
    ]
  },
  {
    "value": "live while we are young",
    "synonyms": [
      "live while we are young"
    ]
  },
  {
    "value": "Livin\u0027 on a Prayer",
    "synonyms": [
      "living on a prayer, livin on a prayer"
    ]
  },
  {
    "value": "Locked Out Of Heaven",
    "synonyms": [
      "Locked Out Of Heaven"
    ]
  },
  {
    "value": "Looked at a funeral",
    "synonyms": [
      "looked at a funeral"
    ]
  },
  {
    "value": "Lose Yourself",
    "synonyms": [
      "Lose Yourself"
    ]
  },
  {
    "value": "Lost Boy",
    "synonyms": [
      "Lost Boy"
    ]
  },
  {
    "value": "Love Is an Open Door",
    "synonyms": [
      "Love Is an Open Door"
    ]
  },
  {
    "value": "Love Me Harder",
    "synonyms": [
      "Love Me Harder"
    ]
  },
  {
    "value": "Love me like you do",
    "synonyms": [
      "love me like you do from fifty shades of grey",
      "love me like you do"
    ]
  },
  {
    "value": "Love me",
    "synonyms": [
      "love me"
    ]
  },
  {
    "value": "Love On Top",
    "synonyms": [
      "Love On Top"
    ]
  },
  {
    "value": "Love Runs Out",
    "synonyms": [
      "Love Runs Out"
    ]
  },
  {
    "value": "Love",
    "synonyms": [
      "love"
    ]
  },
  {
    "value": "Lovers on the Sun",
    "synonyms": [
      "Lovers on the Sun"
    ]
  },
  {
    "value": "Loyal",
    "synonyms": [
      "Loyal"
    ]
  },
  {
    "value": "Lucky",
    "synonyms": [
      "Lucky"
    ]
  },
  {
    "value": "Macarena",
    "synonyms": [
      "Macarena"
    ]
  },
  {
    "value": "Mack the knife",
    "synonyms": [
      "Mack the knife"
    ]
  },
  {
    "value": "Mad World",
    "synonyms": [
      "Mad World"
    ]
  },
  {
    "value": "Magic",
    "synonyms": [
      "Magic"
    ]
  },
  {
    "value": "Magnifico",
    "synonyms": [
      "Magnifico"
    ]
  },
  {
    "value": "Mahi",
    "synonyms": [
      "Mahi"
    ]
  },
  {
    "value": "Malang",
    "synonyms": [
      "Malang"
    ]
  },
  {
    "value": "Maps",
    "synonyms": [
      "Maps"
    ]
  },
  {
    "value": "Maria",
    "synonyms": [
      "Maria"
    ]
  },
  {
    "value": "Marry You",
    "synonyms": [
      "Marry You"
    ]
  },
  {
    "value": "Me And My Broken Heart",
    "synonyms": [
      "Me And My Broken Heart"
    ]
  },
  {
    "value": "Mean kitty",
    "synonyms": [
      "Mean kitty"
    ]
  },
  {
    "value": "Might roll",
    "synonyms": [
      "Might roll"
    ]
  },
  {
    "value": "Miracle",
    "synonyms": [
      "Miracle"
    ]
  },
  {
    "value": "Miracles",
    "synonyms": [
      "Miracles"
    ]
  },
  {
    "value": "Mirrors",
    "synonyms": [
      "Mirrors"
    ]
  },
  {
    "value": "Money On My Mind",
    "synonyms": [
      "Money On My Mind"
    ]
  },
  {
    "value": "Monster",
    "synonyms": [
      "Monster"
    ]
  },
  {
    "value": "Moves Like Jagger",
    "synonyms": [
      "Moves Like Jagger"
    ]
  },
  {
    "value": "Mr Brightside",
    "synonyms": [
      "Mr Brightside"
    ]
  },
  {
    "value": "My Head Is A Jungle",
    "synonyms": [
      "My Head Is A Jungle"
    ]
  },
  {
    "value": "My heart is a ghost town",
    "synonyms": [
      "My heart is a ghost town"
    ]
  },
  {
    "value": "My Heart Will Go On",
    "synonyms": [
      "Titanic",
      "Titanic ost",
      "Song from Titanic",
      "Song from Titanic movie",
      "Titanic song"
    ]
  },
  {
    "value": "My story",
    "synonyms": [
      "My story"
    ]
  },
  {
    "value": "My way",
    "synonyms": [
      "My way"
    ]
  },
  {
    "value": "Never gone",
    "synonyms": [
      "Never gone"
    ]
  },
  {
    "value": "Never listen",
    "synonyms": [
      "Never listen"
    ]
  },
  {
    "value": "Never",
    "synonyms": [
      "Never"
    ]
  },
  {
    "value": "Niggas In Paris",
    "synonyms": [
      "Niggas In Paris"
    ]
  },
  {
    "value": "Night Changes",
    "synonyms": [
      "Night Changes"
    ]
  },
  {
    "value": "Nina",
    "synonyms": [
      "Nina"
    ]
  },
  {
    "value": "No Good For You",
    "synonyms": [
      "No Good For You"
    ]
  },
  {
    "value": "No new friends",
    "synonyms": [
      "No new friends"
    ]
  },
  {
    "value": "No Type",
    "synonyms": [
      "No Type"
    ]
  },
  {
    "value": "No Scrubs",
    "synonyms": [
      "No Scrubs"
    ]
  },
  {
    "value": "Nobody",
    "synonyms": [
      "Nobody"
    ]
  },
  {
    "value": "November rain",
    "synonyms": [
      "November rain"
    ]
  },
  {
    "value": "O saiyaan",
    "synonyms": [
      "O saiyaan"
    ]
  },
  {
    "value": "On my knees",
    "synonyms": [
      "On my knees"
    ]
  },
  {
    "value": "On Top Of The World",
    "synonyms": [
      "On Top Of The World"
    ]
  },
  {
    "value": "One last kiss",
    "synonyms": [
      "One last kiss"
    ]
  },
  {
    "value": "One thing have desire",
    "synonyms": [
      "One thing have desire"
    ]
  },
  {
    "value": "One",
    "synonyms": [
      "One"
    ]
  },
  {
    "value": "One",
    "synonyms": [
      "One"
    ]
  },
  {
    "value": "Only One",
    "synonyms": [
      "Only One"
    ]
  },
  {
    "value": "Outside",
    "synonyms": [
      "Outside"
    ]
  },
  {
    "value": "Paint It Black",
    "synonyms": [
      "Paint It Black"
    ]
  },
  {
    "value": "Parents just don\u0027t understand",
    "synonyms": [
      "parents just don\u0027t understand"
    ]
  },
  {
    "value": "Parody",
    "synonyms": [
      "Parody"
    ]
  },
  {
    "value": "Partition",
    "synonyms": [
      "Partition"
    ]
  },
  {
    "value": "Party In The USA",
    "synonyms": [
      "Party In The USA"
    ]
  },
  {
    "value": "Perfect",
    "synonyms": [
      "perfect"
    ]
  },
  {
    "value": "Photograph",
    "synonyms": [
      "Photograph"
    ]
  },
  {
    "value": "Poker Face",
    "synonyms": [
      "Poker Face"
    ]
  },
  {
    "value": "Pompeii",
    "synonyms": [
      "Pompeii"
    ]
  },
  {
    "value": "Pop singer",
    "synonyms": [
      "pop singer"
    ]
  },
  {
    "value": "Port au prince royce",
    "synonyms": [
      "port au prince royce"
    ]
  },
  {
    "value": "Pots of gold",
    "synonyms": [
      "pots of gold"
    ]
  },
  {
    "value": "Pots of gold",
    "synonyms": [
      "Pots of gold"
    ]
  },
  {
    "value": "Prayer In C",
    "synonyms": [
      "Prayer In C"
    ]
  },
  {
    "value": "Prayer In C",
    "synonyms": [
      "Prayer In C"
    ]
  },
  {
    "value": "Problem",
    "synonyms": [
      "Problem"
    ]
  },
  {
    "value": "Promesses",
    "synonyms": [
      "Promesses"
    ]
  },
  {
    "value": "Promesses",
    "synonyms": [
      "Promesses"
    ]
  },
  {
    "value": "Pumped up Kicks",
    "synonyms": [
      "Pumped up Kicks"
    ]
  },
  {
    "value": "Queens of the Stone Age",
    "synonyms": [
      "Queens of the Stone Age"
    ]
  },
  {
    "value": "R U Mine",
    "synonyms": [
      "R U Mine"
    ]
  },
  {
    "value": "Radioactive",
    "synonyms": [
      "Radioactive"
    ]
  },
  {
    "value": "Ran Na Karay",
    "synonyms": [
      "ran na karay"
    ]
  },
  {
    "value": "Rap call",
    "synonyms": [
      "rap call"
    ]
  },
  {
    "value": "Rap God",
    "synonyms": [
      "Rap God"
    ]
  },
  {
    "value": "Rather Be",
    "synonyms": [
      "Rather Be"
    ]
  },
  {
    "value": "Ready or not",
    "synonyms": [
      "ready or not"
    ]
  },
  {
    "value": "Rhymes",
    "synonyms": [
      "Rhymes"
    ]
  },
  {
    "value": "Riptide",
    "synonyms": [
      "Riptide"
    ]
  },
  {
    "value": "Roar",
    "synonyms": [
      "Roar"
    ]
  },
  {
    "value": "Rock Me",
    "synonyms": [
      "rock me"
    ]
  },
  {
    "value": "Roll",
    "synonyms": [
      "Roll"
    ]
  },
  {
    "value": "Rolling In The Deep",
    "synonyms": [
      "Rolling In The Deep"
    ]
  },
  {
    "value": "Rose Rouge",
    "synonyms": [
      "Rose Rouge"
    ]
  },
  {
    "value": "Roxanne",
    "synonyms": [
      "Roxanne"
    ]
  },
  {
    "value": "Royals",
    "synonyms": [
      "Royals"
    ]
  },
  {
    "value": "Rude",
    "synonyms": [
      "Rude"
    ]
  },
  {
    "value": "Runaway",
    "synonyms": [
      "Runaway"
    ]
  },
  {
    "value": "Sad",
    "synonyms": [
      "Sad"
    ]
  },
  {
    "value": "Sail",
    "synonyms": [
      "Sail"
    ]
  },
  {
    "value": "Say Something",
    "synonyms": [
      "Say Something"
    ]
  },
  {
    "value": "Say my name",
    "synonyms": [
      "Say my name"
    ]
  },
  {
    "value": "Scars",
    "synonyms": [
      "Scars"
    ]
  },
  {
    "value": "Seasons Of Love",
    "synonyms": [
      "Seasons Of Love"
    ]
  },
  {
    "value": "Set Fire To The Rain",
    "synonyms": [
      "Set Fire To The Rain"
    ]
  },
  {
    "value": "Shadowplay",
    "synonyms": [
      "Shadowplay"
    ]
  },
  {
    "value": "Shape of my heart",
    "synonyms": [
      "Shape of my heart"
    ]
  },
  {
    "value": "She Knows",
    "synonyms": [
      "She Knows"
    ]
  },
  {
    "value": "She\u0027s got the look",
    "synonyms": [
      "She\u0027s got the look"
    ]
  },
  {
    "value": "Shots",
    "synonyms": [
      "Shots"
    ]
  },
  {
    "value": "Show me love",
    "synonyms": [
      "Show me love"
    ]
  },
  {
    "value": "Show Me",
    "synonyms": [
      "Show Me"
    ]
  },
  {
    "value": "Sing",
    "synonyms": [
      "Sing"
    ]
  },
  {
    "value": "Sledgehammer",
    "synonyms": [
      "Sledgehammer"
    ]
  },
  {
    "value": "Sloths",
    "synonyms": [
      "Sloths"
    ]
  },
  {
    "value": "Smells Like Teen Spirit",
    "synonyms": [
      "Smells Like Teen Spirit"
    ]
  },
  {
    "value": "So real",
    "synonyms": [
      "So real"
    ]
  },
  {
    "value": "Somebody That I Used To Know",
    "synonyms": [
      "Somebody That I Used To Know"
    ]
  },
  {
    "value": "Somebody to love",
    "synonyms": [
      "Somebody to love"
    ]
  },
  {
    "value": "Someone Like You",
    "synonyms": [
      "Someone Like You"
    ]
  },
  {
    "value": "Someone New",
    "synonyms": [
      "Someone New"
    ]
  },
  {
    "value": "Somewhere Over the Rainbow",
    "synonyms": [
      "Somewhere Over the Rainbow"
    ]
  },
  {
    "value": "Song for someone",
    "synonyms": [
      "Song for someone"
    ]
  },
  {
    "value": "Song of joy",
    "synonyms": [
      "Song of joy"
    ]
  },
  {
    "value": "Stairway to heaven",
    "synonyms": [
      "Stairway to heaven"
    ]
  },
  {
    "value": "Stand By Me",
    "synonyms": [
      "Stand By Me"
    ]
  },
  {
    "value": "Stay High",
    "synonyms": [
      "Stay High"
    ]
  },
  {
    "value": "Stay hungry",
    "synonyms": [
      "Stay hungry"
    ]
  },
  {
    "value": "Stay With Me",
    "synonyms": [
      "Stay With Me"
    ]
  },
  {
    "value": "Stay",
    "synonyms": [
      "Stay"
    ]
  },
  {
    "value": "Steal My Girl",
    "synonyms": [
      "Steal My Girl"
    ]
  },
  {
    "value": "Still Into You",
    "synonyms": [
      "Still Into You"
    ]
  },
  {
    "value": "Still loving you",
    "synonyms": [
      "Still loving you"
    ]
  },
  {
    "value": "Stolen Dance",
    "synonyms": [
      "Stolen Dance"
    ]
  },
  {
    "value": "Story Of My Life",
    "synonyms": [
      "Story Of My Life"
    ]
  },
  {
    "value": "Streets of philadelphia",
    "synonyms": [
      "Streets of philadelphia"
    ]
  },
  {
    "value": "Stressed out",
    "synonyms": [
      "Stressed out"
    ]
  },
  {
    "value": "Strong",
    "synonyms": [
      "Strong"
    ]
  },
  {
    "value": "Sugar",
    "synonyms": [
      "Sugar"
    ]
  },
  {
    "value": "Suit are",
    "synonyms": [
      "Suit are"
    ]
  },
  {
    "value": "Summer",
    "synonyms": [
      "Summer"
    ]
  },
  {
    "value": "Sunday morning",
    "synonyms": [
      "Sunday morning"
    ]
  },
  {
    "value": "Sunny sunny",
    "synonyms": [
      "Sunny sunny"
    ]
  },
  {
    "value": "Superheroes",
    "synonyms": [
      "Superheroes"
    ]
  },
  {
    "value": "Sweater Weather",
    "synonyms": [
      "Sweater Weather"
    ]
  },
  {
    "value": "Take It Back",
    "synonyms": [
      "Take It Back"
    ]
  },
  {
    "value": "Take me to church",
    "synonyms": [
      "Take me to church"
    ]
  },
  {
    "value": "Team",
    "synonyms": [
      "Team"
    ]
  },
  {
    "value": "Tell me why",
    "synonyms": [
      "Tell me why"
    ]
  },
  {
    "value": "Temperature",
    "synonyms": [
      "Temperature"
    ]
  },
  {
    "value": "Tenerife Sea",
    "synonyms": [
      "Tenerife Sea"
    ]
  },
  {
    "value": "Tera mera rishta",
    "synonyms": [
      "Tera mera rishta"
    ]
  },
  {
    "value": "Thank you",
    "synonyms": [
      "Thank you"
    ]
  },
  {
    "value": "The Catch Up",
    "synonyms": [
      "The Catch Up"
    ]
  },
  {
    "value": "The Chicken",
    "synonyms": [
      "The Chicken",
      "Chicken"
    ]
  },
  {
    "value": "The Chinese Song",
    "synonyms": [
      "Chinese, the chinese song, chinese song"
    ]
  },
  {
    "value": "The Climb",
    "synonyms": [
      "The Climb"
    ]
  },
  {
    "value": "The closer I get to you",
    "synonyms": [
      "The closer I get to you"
    ]
  },
  {
    "value": "The Days",
    "synonyms": [
      "The Days"
    ]
  },
  {
    "value": "What Does the Fox Say?",
    "synonyms": [
      "What Does the Fox Say",
      "The Fox"
    ]
  },
  {
    "value": "The grinch",
    "synonyms": [
      "The grinch"
    ]
  },
  {
    "value": "The Heart Wants What It Wants",
    "synonyms": [
      "The Heart Wants What It Wants"
    ]
  },
  {
    "value": "The Kids Aren\u0027t Alright",
    "synonyms": [
      "The Kids Aren\u0027t Alright"
    ]
  },
  {
    "value": "The Lazy Song",
    "synonyms": [
      "The Lazy Song"
    ]
  },
  {
    "value": "The Logical Song",
    "synonyms": [
      "The Logical Song"
    ]
  },
  {
    "value": "The lost song",
    "synonyms": [
      "The lost song"
    ]
  },
  {
    "value": "The lost",
    "synonyms": [
      "The lost"
    ]
  },
  {
    "value": "The man",
    "synonyms": [
      "The man"
    ]
  },
  {
    "value": "The Monster",
    "synonyms": [
      "The Monster"
    ]
  },
  {
    "value": "The Nights",
    "synonyms": [
      "The Nights"
    ]
  },
  {
    "value": "The phone",
    "synonyms": [
      "The phone"
    ]
  },
  {
    "value": "These Days",
    "synonyms": [
      "These Days"
    ]
  },
  {
    "value": "Thinking About You",
    "synonyms": [
      "Thinking About You"
    ]
  },
  {
    "value": "Thinking Out Loud",
    "synonyms": [
      "Thinking Out Loud"
    ]
  },
  {
    "value": "This Is How We Do",
    "synonyms": [
      "This Is How We Do"
    ]
  },
  {
    "value": "This love",
    "synonyms": [
      "This love"
    ]
  },
  {
    "value": "Thrift shop",
    "synonyms": [
      "Thrift shop"
    ]
  },
  {
    "value": "Thriller",
    "synonyms": [
      "Thriller"
    ]
  },
  {
    "value": "Tic tac toe",
    "synonyms": [
      "Tic tac toe"
    ]
  },
  {
    "value": "Tik Tok",
    "synonyms": [
      "Tik Tok"
    ]
  },
  {
    "value": "Timber",
    "synonyms": [
      "Timber"
    ]
  },
  {
    "value": "Time of Our Lives",
    "synonyms": [
      "Time of Our Lives"
    ]
  },
  {
    "value": "Titanium",
    "synonyms": [
      "Titanium"
    ]
  },
  {
    "value": "Too late to apologize",
    "synonyms": [
      "Too late to apologize"
    ]
  },
  {
    "value": "Trap queen",
    "synonyms": [
      "Trap queen"
    ]
  },
  {
    "value": "Travels Express",
    "synonyms": [
      "Travels Express"
    ]
  },
  {
    "value": "Travels",
    "synonyms": [
      "Travels"
    ]
  },
  {
    "value": "Treasure",
    "synonyms": [
      "Treasure"
    ]
  },
  {
    "value": "Trouve-moi la chanson",
    "synonyms": [
      "Trouve moi la chanson"
    ]
  },
  {
    "value": "Try",
    "synonyms": [
      "Try"
    ]
  },
  {
    "value": "Tumhi ho",
    "synonyms": [
      "Tumhi ho"
    ]
  },
  {
    "value": "Turn down for a while",
    "synonyms": [
      "Turn down for a while"
    ]
  },
  {
    "value": "Turn down for one",
    "synonyms": [
      "Turn down for one"
    ]
  },
  {
    "value": "Turn Down for What",
    "synonyms": [
      "Turn Down for What"
    ]
  },
  {
    "value": "Twist and shout",
    "synonyms": [
      "Twist and shout"
    ]
  },
  {
    "value": "Two",
    "synonyms": [
      "Two"
    ]
  },
  {
    "value": "Ugly Heart",
    "synonyms": [
      "Ugly Heart"
    ]
  },
  {
    "value": "Uma Thurman",
    "synonyms": [
      "Uma Thurman"
    ]
  },
  {
    "value": "Umbrella",
    "synonyms": [
      "Umbrella"
    ]
  },
  {
    "value": "Unconditionally",
    "synonyms": [
      "Unconditionally"
    ]
  },
  {
    "value": "Under pressure",
    "synonyms": [
      "Under pressure"
    ]
  },
  {
    "value": "Under the bridge",
    "synonyms": [
      "Under the bridge"
    ]
  },
  {
    "value": "Under The Shadows",
    "synonyms": [
      "Under The Shadows"
    ]
  },
  {
    "value": "Unfaithful",
    "synonyms": [
      "Unfaithful"
    ]
  },
  {
    "value": "Up",
    "synonyms": [
      "Up"
    ]
  },
  {
    "value": "Uptown Funk",
    "synonyms": [
      "Uptown Funk"
    ]
  },
  {
    "value": "Uptown girl",
    "synonyms": [
      "Uptown girl"
    ]
  },
  {
    "value": "Volovo Te",
    "synonyms": [
      "Volovo Te"
    ]
  },
  {
    "value": "Wake Me Up",
    "synonyms": [
      "Wake Me Up"
    ]
  },
  {
    "value": "Walk on the wild side",
    "synonyms": [
      "Walk on the wild side"
    ]
  },
  {
    "value": "Walking with a Ghost",
    "synonyms": [
      "Walking with a Ghost"
    ]
  },
  {
    "value": "Walking With Elephants",
    "synonyms": [
      "Walking With Elephants"
    ]
  },
  {
    "value": "Wasted",
    "synonyms": [
      "Wasted"
    ]
  },
  {
    "value": "Waves",
    "synonyms": [
      "Waves"
    ]
  },
  {
    "value": "We Can\u0027t Stop",
    "synonyms": [
      "We Can t Stop, We Cant Stop"
    ]
  },
  {
    "value": "We Found Love",
    "synonyms": [
      "We Found Love"
    ]
  },
  {
    "value": "We own it",
    "synonyms": [
      "We own it"
    ]
  },
  {
    "value": "What does the fox say",
    "synonyms": [
      "What does the fox say"
    ]
  },
  {
    "value": "When I Was Your Man",
    "synonyms": [
      "When I Was Your Man"
    ]
  },
  {
    "value": "When the night has come",
    "synonyms": [
      "When the night has come"
    ]
  },
  {
    "value": "Whip my hair",
    "synonyms": [
      "Whip my hair"
    ]
  },
  {
    "value": "White bird",
    "synonyms": [
      "White bird"
    ]
  },
  {
    "value": "Who r u",
    "synonyms": [
      "Who r u"
    ]
  },
  {
    "value": "Why\u0027d You Only Call Me When You\u0027re High",
    "synonyms": [
      "Why\u0027d You Only Call Me When You\u0027re High"
    ]
  },
  {
    "value": "Wings",
    "synonyms": [
      "Wings"
    ]
  },
  {
    "value": "Wish You Were Mine",
    "synonyms": [
      "Wish You Were Mine"
    ]
  },
  {
    "value": "Without you",
    "synonyms": [
      "Without you"
    ]
  },
  {
    "value": "Womanizer",
    "synonyms": [
      "Womanizer"
    ]
  },
  {
    "value": "Wonderwall",
    "synonyms": [
      "Wonderwall"
    ]
  },
  {
    "value": "Wrapped Up",
    "synonyms": [
      "Wrapped Up"
    ]
  },
  {
    "value": "Wrecking Ball",
    "synonyms": [
      "Wrecking Ball"
    ]
  },
  {
    "value": "XO",
    "synonyms": [
      "XO"
    ]
  },
  {
    "value": "Yara o dildara",
    "synonyms": [
      "yara o dildara"
    ]
  },
  {
    "value": "Yesterday",
    "synonyms": [
      "Yesterday"
    ]
  },
  {
    "value": "You and I",
    "synonyms": [
      "You and I"
    ]
  },
  {
    "value": "You light up my life",
    "synonyms": [
      "You light up my life"
    ]
  },
  {
    "value": "You were meant for me",
    "synonyms": [
      "You were meant for me"
    ]
  },
  {
    "value": "You\u0027re So Vain",
    "synonyms": [
      "You re So Vain"
    ]
  },
  {
    "value": "Destination unknown",
    "synonyms": [
      "Destination unknown"
    ]
  },
  {
    "value": "A Lean And Hungry Look",
    "synonyms": [
      "A Lean And Hungry Look",
      "Lean \u0026 Hungry"
    ]
  },
  {
    "value": "Ghost Town",
    "synonyms": [
      "Ghost Town"
    ]
  },
  {
    "value": "Desire",
    "synonyms": [
      "Desire"
    ]
  },
  {
    "value": "21",
    "synonyms": [
      "21"
    ]
  },
  {
    "value": "Best of You",
    "synonyms": [
      "Best of You"
    ]
  },
  {
    "value": "Shut Up and Dance",
    "synonyms": [
      "Shut Up and Dance With Me",
      "\"Shut Up and Dance\""
    ]
  }
]