[
  {
    "value": "Pele",
    "synonyms": [
      "Pele"
    ]
  },
  {
    "value": "Muhammad Ali",
    "synonyms": [
      "Muhammad Ali"
    ]
  },
  {
    "value": "Carl Lewis",
    "synonyms": [
      "Carl Lewis"
    ]
  },
  {
    "value": "Jesse Owens",
    "synonyms": [
      "Jesse Owens"
    ]
  },
  {
    "value": "Sir Donald Bradman",
    "synonyms": [
      "Sir Donald Bradman"
    ]
  },
  {
    "value": "Billie Jean King",
    "synonyms": [
      "Billie Jean King"
    ]
  },
  {
    "value": "Usain Bolt",
    "synonyms": [
      "Usain Bolt"
    ]
  },
  {
    "value": "Eddy Merckx",
    "synonyms": [
      "Eddy Merckx"
    ]
  },
  {
    "value": "Jackie Joyner-Kersee",
    "synonyms": [
      "Jackie Joyner-Kersee"
    ]
  },
  {
    "value": "Lionel Messi",
    "synonyms": [
      "Lionel Messi"
    ]
  },
  {
    "value": "Babe Didrikson Zaharias",
    "synonyms": [
      "Babe Didrikson Zaharias"
    ]
  },
  {
    "value": "Michael Jordan",
    "synonyms": [
      "Michael Jordan"
    ]
  },
  {
    "value": "Larisa Latynina",
    "synonyms": [
      "Larisa Latynina"
    ]
  },
  {
    "value": "Diego Maradona",
    "synonyms": [
      "Diego Maradona"
    ]
  },
  {
    "value": "Serena Williams",
    "synonyms": [
      "Serena Williams"
    ]
  },
  {
    "value": "Babe Ruth",
    "synonyms": [
      "Babe Ruth"
    ]
  },
  {
    "value": "Roger Federertennis",
    "synonyms": [
      "Roger Federertennis"
    ]
  },
  {
    "value": "Martina Navratilova",
    "synonyms": [
      "Martina Navratilova"
    ]
  },
  {
    "value": "Michael Phelps",
    "synonyms": [
      "Michael Phelps"
    ]
  },
  {
    "value": "Lottie Dod",
    "synonyms": [
      "Lottie Dod"
    ]
  },
  {
    "value": "Sachin Tendulkar",
    "synonyms": [
      "Sachin Tendulkar"
    ]
  },
  {
    "value": "Johan Cruyff",
    "synonyms": [
      "Johan Cruyff"
    ]
  },
  {
    "value": "Tiger Woods",
    "synonyms": [
      "Tiger Woods"
    ]
  },
  {
    "value": "Sonja Henie",
    "synonyms": [
      "Sonja Henie"
    ]
  },
  {
    "value": "Aryton Senna",
    "synonyms": [
      "Aryton Senna"
    ]
  },
  {
    "value": "Nadia Comaneci",
    "synonyms": [
      "Nadia Comaneci"
    ]
  },
  {
    "value": "Sergei Bubka",
    "synonyms": [
      "Sergei Bubka"
    ]
  },
  {
    "value": "Wayne Douglas Gretzky",
    "synonyms": [
      "Wayne Douglas Gretzky"
    ]
  },
  {
    "value": "Emil Zatopek",
    "synonyms": [
      "Emil Zatopek"
    ]
  },
  {
    "value": "Manny Pacquiao",
    "synonyms": [
      "Manny Pacquiao"
    ]
  },
  {
    "value": "Imran Khan",
    "synonyms": [
      "Imran Khan"
    ]
  },
  {
    "value": "Fanny Blankers-Koen",
    "synonyms": [
      "Fanny Blankers-Koen"
    ]
  },
  {
    "value": "Shane Warne",
    "synonyms": [
      "Shane Warne"
    ]
  },
  {
    "value": "Dhyan Chand",
    "synonyms": [
      "Dhyan Chand"
    ]
  },
  {
    "value": "Fred Perry",
    "synonyms": [
      "Fred Perry"
    ]
  },
  {
    "value": "Lin Dan",
    "synonyms": [
      "Lin Dan"
    ]
  },
  {
    "value": "Abebe Bikila",
    "synonyms": [
      "Abebe Bikila"
    ]
  },
  {
    "value": "Clara Hughes",
    "synonyms": [
      "Clara Hughes"
    ]
  },
  {
    "value": "Jan-Ove Waldner",
    "synonyms": [
      "Jan-Ove Waldner"
    ]
  },
  {
    "value": "Bobby Moore",
    "synonyms": [
      "Bobby Moore"
    ]
  },
  {
    "value": "Bjorn Borg",
    "synonyms": [
      "Bjorn Borg"
    ]
  },
  {
    "value": "Karch Kiraly",
    "synonyms": [
      "Karch Kiraly"
    ]
  },
  {
    "value": "Bradley Wiggins",
    "synonyms": [
      "Bradley Wiggins"
    ]
  },
  {
    "value": "Seve Ballesteros",
    "synonyms": [
      "Seve Ballesteros"
    ]
  },
  {
    "value": "David Beckham",
    "synonyms": [
      "David Beckham"
    ]
  },
  {
    "value": "Michael Schumacher",
    "synonyms": [
      "Michael Schumacher"
    ]
  },
  {
    "value": "Greg Lemond",
    "synonyms": [
      "Greg Lemond"
    ]
  },
  {
    "value": "Mia Hamm",
    "synonyms": [
      "Mia Hamm"
    ]
  },
  {
    "value": "Jacques Anquetil",
    "synonyms": [
      "Jacques Anquetil"
    ]
  },
  {
    "value": "Jack Nicklaus",
    "synonyms": [
      "Jack Nicklaus"
    ]
  },
  {
    "value": "Steve Davis",
    "synonyms": [
      "Steve Davis"
    ]
  },
  {
    "value": "John McEnroe",
    "synonyms": [
      "John McEnroe"
    ]
  },
  {
    "value": "Monica Seles",
    "synonyms": [
      "Monica Seles"
    ]
  },
  {
    "value": "Magic Johnson",
    "synonyms": [
      "Magic Johnson"
    ]
  },
  {
    "value": "Joe DiMaggio",
    "synonyms": [
      "Joe DiMaggio"
    ]
  },
  {
    "value": "Roger Bannister",
    "synonyms": [
      "Roger Bannister"
    ]
  },
  {
    "value": "Mo Farah",
    "synonyms": [
      "Mo Farah"
    ]
  },
  {
    "value": "Mark Spitz",
    "synonyms": [
      "Mark Spitz"
    ]
  },
  {
    "value": "Chris Evert",
    "synonyms": [
      "Chris Evert"
    ]
  },
  {
    "value": "Al Oerter",
    "synonyms": [
      "Al Oerter"
    ]
  },
  {
    "value": "Jimmy Connors",
    "synonyms": [
      "Jimmy Connors"
    ]
  },
  {
    "value": "Michael Johnson",
    "synonyms": [
      "Michael Johnson"
    ]
  },
  {
    "value": "Ian Botham",
    "synonyms": [
      "Ian Botham"
    ]
  },
  {
    "value": "Jim Thorpe",
    "synonyms": [
      "Jim Thorpe"
    ]
  },
  {
    "value": "Sir Steve Redgrave",
    "synonyms": [
      "Sir Steve Redgrave"
    ]
  },
  {
    "value": "Steffi Graf",
    "synonyms": [
      "Steffi Graf"
    ]
  },
  {
    "value": "Sebastian Coe",
    "synonyms": [
      "Sebastian Coe"
    ]
  },
  {
    "value": "Hicham El Guerrouj",
    "synonyms": [
      "Hicham El Guerrouj"
    ]
  },
  {
    "value": "Eric Liddell",
    "synonyms": [
      "Eric Liddell"
    ]
  },
  {
    "value": "Kenenisa Bekele",
    "synonyms": [
      "Kenenisa Bekele"
    ]
  },
  {
    "value": "Bernard Hinault",
    "synonyms": [
      "Bernard Hinault"
    ]
  },
  {
    "value": "Bob Beamon",
    "synonyms": [
      "Bob Beamon"
    ]
  },
  {
    "value": "Paavo Nurmi",
    "synonyms": [
      "Paavo Nurmi"
    ]
  },
  {
    "value": "David Campese",
    "synonyms": [
      "David Campese"
    ]
  },
  {
    "value": "Kelly Slater",
    "synonyms": [
      "Kelly Slater"
    ]
  },
  {
    "value": "Haile Gebreselassie",
    "synonyms": [
      "Haile Gebreselassie"
    ]
  },
  {
    "value": "Rafael Nadal",
    "synonyms": [
      "Rafael Nadal"
    ]
  },
  {
    "value": "Brian Lara",
    "synonyms": [
      "Brian Lara"
    ]
  },
  {
    "value": "Chris Hoy",
    "synonyms": [
      "Chris Hoy"
    ]
  },
  {
    "value": "Serge Blanco",
    "synonyms": [
      "Serge Blanco"
    ]
  },
  {
    "value": "Cristiano Ronaldo",
    "synonyms": [
      "Cristiano Ronaldo"
    ]
  },
  {
    "value": "Sir Gary Sobers",
    "synonyms": [
      "Sir Gary Sobers"
    ]
  },
  {
    "value": "Andy Murray",
    "synonyms": [
      "Andy Murray"
    ]
  },
  {
    "value": "George Best",
    "synonyms": [
      "George Best"
    ]
  },
  {
    "value": "Sir Viv Richards",
    "synonyms": [
      "Sir Viv Richards"
    ]
  },
  {
    "value": "Fausto Coppi",
    "synonyms": [
      "Fausto Coppi"
    ]
  },
  {
    "value": "Eusebio",
    "synonyms": [
      "Eusebio"
    ]
  },
  {
    "value": "Rod Laver",
    "synonyms": [
      "Rod Laver"
    ]
  },
  {
    "value": "Grete Waitz",
    "synonyms": [
      "Grete Waitz"
    ]
  },
  {
    "value": "Margaret Smith Court",
    "synonyms": [
      "Margaret Smith Court"
    ]
  },
  {
    "value": "Tegla Laroupe",
    "synonyms": [
      "Tegla Laroupe"
    ]
  },
  {
    "value": "Gareth Bale",
    "synonyms": [
      "Gareth Bale"
    ]
  },
  {
    "value": "Asbel Kiprop",
    "synonyms": [
      "Asbel Kiprop"
    ]
  },
  {
    "value": "Lewis Hamilton",
    "synonyms": [
      "Lewis Hamilton"
    ]
  },
  {
    "value": "Annika Sörenstam",
    "synonyms": [
      "Annika Sörenstam"
    ]
  },
  {
    "value": "Wilma Rudolph",
    "synonyms": [
      "Wilma Rudolph"
    ]
  },
  {
    "value": "Alberta Tomba",
    "synonyms": [
      "Alberta Tomba"
    ]
  },
  {
    "value": "Bo Jackson",
    "synonyms": [
      "Bo Jackson"
    ]
  }
]