[
  {
    "value": "YouTube",
    "synonyms": [
      "YouTube",
      "YT",
      "You Tube"
    ]
  },
  {
    "value": "Vimeo",
    "synonyms": [
      "Vimeo"
    ]
  },
  {
    "value": "My library",
    "synonyms": [
      "my gallery",
      "gallery",
      "my library",
      "library"
    ]
  },
  {
    "value": "IMDb",
    "synonyms": [
      "IMDb"
    ]
  },
  {
    "value": "Netflix",
    "synonyms": [
      "Netflix"
    ]
  },
  {
    "value": "Acorn.tv",
    "synonyms": [
      "Acorn.tv"
    ]
  },
  {
    "value": "Mubi.com",
    "synonyms": [
      "Mubi.com"
    ]
  },
  {
    "value": "Crunchyroll.com",
    "synonyms": [
      "Crunchyroll.com"
    ]
  },
  {
    "value": "Fandor",
    "synonyms": [
      "Fandor"
    ]
  },
  {
    "value": "Tubitv.com",
    "synonyms": [
      "Tubitv.com"
    ]
  }
]