[
  {
    "value": "James Joyce",
    "synonyms": [
      "James Joyce"
    ]
  },
  {
    "value": "William Faulkner",
    "synonyms": [
      "William Faulkner"
    ]
  },
  {
    "value": "Vladimir Nabokov",
    "synonyms": [
      "Vladimir Nabokov"
    ]
  },
  {
    "value": "Virginia Woolf",
    "synonyms": [
      "Virginia Woolf"
    ]
  },
  {
    "value": "William Shakespeare",
    "synonyms": [
      "William Shakespeare"
    ]
  },
  {
    "value": "Henry James",
    "synonyms": [
      "Henry James"
    ]
  },
  {
    "value": "D.H. Lawrence",
    "synonyms": [
      "D.H. Lawrence"
    ]
  },
  {
    "value": "George Orwell",
    "synonyms": [
      "George Orwell"
    ]
  },
  {
    "value": "John Steinbeck",
    "synonyms": [
      "John Steinbeck"
    ]
  },
  {
    "value": "F. Scott Fitzgerald",
    "synonyms": [
      "F. Scott Fitzgerald"
    ]
  },
  {
    "value": "Ernest Hemingway",
    "synonyms": [
      "Ernest Hemingway"
    ]
  },
  {
    "value": "Joseph Conrad",
    "synonyms": [
      "Joseph Conrad"
    ]
  },
  {
    "value": "Leo Tolstoy",
    "synonyms": [
      "Leo Tolstoy"
    ]
  },
  {
    "value": "Fyodor Dostoyevsky",
    "synonyms": [
      "Fyodor Dostoyevsky"
    ]
  },
  {
    "value": "Marcel Proust",
    "synonyms": [
      "Marcel Proust"
    ]
  },
  {
    "value": "William Butler Yeats",
    "synonyms": [
      "William Butler Yeats"
    ]
  },
  {
    "value": "Miguel de Cervantes Saavedra",
    "synonyms": [
      "Miguel de Cervantes Saavedra"
    ]
  },
  {
    "value": "William Wordsworth",
    "synonyms": [
      "William Wordsworth"
    ]
  },
  {
    "value": "Herman Melville",
    "synonyms": [
      "Herman Melville"
    ]
  },
  {
    "value": "William Blake",
    "synonyms": [
      "William Blake"
    ]
  },
  {
    "value": "Ralph Ellison",
    "synonyms": [
      "Ralph Ellison"
    ]
  },
  {
    "value": "Charles Dickens",
    "synonyms": [
      "Charles Dickens"
    ]
  },
  {
    "value": "Franz Kafka",
    "synonyms": [
      "Franz Kafka"
    ]
  },
  {
    "value": "Walt Whitman",
    "synonyms": [
      "Walt Whitman"
    ]
  },
  {
    "value": "Edgar Allan Poe",
    "synonyms": [
      "Edgar Allan Poe"
    ]
  },
  {
    "value": "Toni Morrison",
    "synonyms": [
      "Toni Morrison"
    ]
  },
  {
    "value": "John Keats",
    "synonyms": [
      "John Keats"
    ]
  },
  {
    "value": "Joseph Heller",
    "synonyms": [
      "Joseph Heller"
    ]
  },
  {
    "value": "Kurt Vonnegut",
    "synonyms": [
      "Kurt Vonnegut"
    ]
  },
  {
    "value": "E.M. Forster",
    "synonyms": [
      "E.M. Forster"
    ]
  },
  {
    "value": "Willa Cather",
    "synonyms": [
      "Willa Cather"
    ]
  },
  {
    "value": "Aldous Huxley",
    "synonyms": [
      "Aldous Huxley"
    ]
  },
  {
    "value": "Homer",
    "synonyms": [
      "Homer"
    ]
  },
  {
    "value": "John Milton",
    "synonyms": [
      "John Milton"
    ]
  },
  {
    "value": "Rudyard Kipling",
    "synonyms": [
      "Rudyard Kipling"
    ]
  },
  {
    "value": "Dante Aligheri",
    "synonyms": [
      "Dante Aligheri"
    ]
  },
  {
    "value": "Jane Austen",
    "synonyms": [
      "Jane Austen"
    ]
  },
  {
    "value": "Mark Twain",
    "synonyms": [
      "Mark Twain"
    ]
  },
  {
    "value": "Gustave Flaubert",
    "synonyms": [
      "Gustave Flaubert"
    ]
  },
  {
    "value": "Stendhal",
    "synonyms": [
      "Stendhal"
    ]
  },
  {
    "value": "Emily Dickinson",
    "synonyms": [
      "Emily Dickinson"
    ]
  },
  {
    "value": "J.D. Salinger",
    "synonyms": [
      "J.D. Salinger"
    ]
  },
  {
    "value": "Theodore Dreiser",
    "synonyms": [
      "Theodore Dreiser"
    ]
  },
  {
    "value": "Samuel Beckett",
    "synonyms": [
      "Samuel Beckett"
    ]
  },
  {
    "value": "Jack Kerouac",
    "synonyms": [
      "Jack Kerouac"
    ]
  },
  {
    "value": "Edith Wharton",
    "synonyms": [
      "Edith Wharton"
    ]
  },
  {
    "value": "George Eliot",
    "synonyms": [
      "George Eliot"
    ]
  },
  {
    "value": "Johann Wolfgang von Goethe",
    "synonyms": [
      "Johann Wolfgang von Goethe"
    ]
  },
  {
    "value": "Evelyn Waugh",
    "synonyms": [
      "Evelyn Waugh"
    ]
  },
  {
    "value": "Laurence Sterne",
    "synonyms": [
      "Laurence Sterne"
    ]
  },
  {
    "value": "John Donne",
    "synonyms": [
      "John Donne"
    ]
  },
  {
    "value": "Geoffrey Chaucer",
    "synonyms": [
      "Geoffrey Chaucer"
    ]
  },
  {
    "value": "J.R.R Tolkien",
    "synonyms": [
      "J.R.R Tolkien"
    ]
  },
  {
    "value": "Emily Bronte",
    "synonyms": [
      "Emily Bronte"
    ]
  },
  {
    "value": "Murasaki Shikibu",
    "synonyms": [
      "Murasaki Shikibu"
    ]
  },
  {
    "value": "Percy Bysshe Shelley",
    "synonyms": [
      "Percy Bysshe Shelley"
    ]
  },
  {
    "value": "Charlotte Bronte",
    "synonyms": [
      "Charlotte Bronte"
    ]
  },
  {
    "value": "William Golding",
    "synonyms": [
      "William Golding"
    ]
  },
  {
    "value": "Anton Chekhov",
    "synonyms": [
      "Anton Chekhov"
    ]
  },
  {
    "value": "Malcolm Lowry",
    "synonyms": [
      "Malcolm Lowry"
    ]
  },
  {
    "value": "Richard Wright",
    "synonyms": [
      "Richard Wright"
    ]
  },
  {
    "value": "Charles Baudelaire",
    "synonyms": [
      "Charles Baudelaire"
    ]
  },
  {
    "value": "Thomas Mann",
    "synonyms": [
      "Thomas Mann"
    ]
  },
  {
    "value": "Euripides",
    "synonyms": [
      "Euripides"
    ]
  },
  {
    "value": "Virgil",
    "synonyms": [
      "Virgil"
    ]
  },
  {
    "value": "Pablo Neruda",
    "synonyms": [
      "Pablo Neruda"
    ]
  },
  {
    "value": "James Baldwin",
    "synonyms": [
      "James Baldwin"
    ]
  },
  {
    "value": "Thomas Hardy",
    "synonyms": [
      "Thomas Hardy"
    ]
  },
  {
    "value": "Gabriel Garcia Marquez",
    "synonyms": [
      "Gabriel Garcia Marquez"
    ]
  },
  {
    "value": "Henry Miller",
    "synonyms": [
      "Henry Miller"
    ]
  },
  {
    "value": "Robert Musil",
    "synonyms": [
      "Robert Musil"
    ]
  },
  {
    "value": "Thomas Pynchon",
    "synonyms": [
      "Thomas Pynchon"
    ]
  },
  {
    "value": "William Carlos Williams",
    "synonyms": [
      "William Carlos Williams"
    ]
  },
  {
    "value": "Ovid",
    "synonyms": [
      "Ovid"
    ]
  },
  {
    "value": "Harper Lee",
    "synonyms": [
      "Harper Lee"
    ]
  },
  {
    "value": "Samuel Taylor Coleridge",
    "synonyms": [
      "Samuel Taylor Coleridge"
    ]
  },
  {
    "value": "Jack London",
    "synonyms": [
      "Jack London"
    ]
  },
  {
    "value": "Saul Bellow",
    "synonyms": [
      "Saul Bellow"
    ]
  },
  {
    "value": "Flannery O’Connor",
    "synonyms": [
      "Flannery O’Connor"
    ]
  },
  {
    "value": "Ayn Rand",
    "synonyms": [
      "Ayn Rand"
    ]
  },
  {
    "value": "Honore’ de Balzac",
    "synonyms": [
      "Honore’ de Balzac"
    ]
  },
  {
    "value": "Sophocles",
    "synonyms": [
      "Sophocles"
    ]
  },
  {
    "value": "Gertrude Stein",
    "synonyms": [
      "Gertrude Stein"
    ]
  },
  {
    "value": "Nathaniel Hawthorne",
    "synonyms": [
      "Nathaniel Hawthorne"
    ]
  },
  {
    "value": "Robert Frost",
    "synonyms": [
      "Robert Frost"
    ]
  },
  {
    "value": "Henry Wadsworth Longfellow",
    "synonyms": [
      "Henry Wadsworth Longfellow"
    ]
  },
  {
    "value": "Langston Hughes",
    "synonyms": [
      "Langston Hughes"
    ]
  },
  {
    "value": "Robert Browning",
    "synonyms": [
      "Robert Browning"
    ]
  },
  {
    "value": "Alfred Lord Tennyson",
    "synonyms": [
      "Alfred Lord Tennyson"
    ]
  },
  {
    "value": "Henry Fielding",
    "synonyms": [
      "Henry Fielding"
    ]
  },
  {
    "value": "Rabindranath Tagore",
    "synonyms": [
      "Rabindranath Tagore"
    ]
  },
  {
    "value": "Maya Angelou",
    "synonyms": [
      "Maya Angelou"
    ]
  },
  {
    "value": "Anthony Burgess",
    "synonyms": [
      "Anthony Burgess"
    ]
  },
  {
    "value": "Ford Madox Ford",
    "synonyms": [
      "Ford Madox Ford"
    ]
  },
  {
    "value": "Charles Bukowski",
    "synonyms": [
      "Charles Bukowski"
    ]
  },
  {
    "value": "Sylvia Plath",
    "synonyms": [
      "Sylvia Plath"
    ]
  },
  {
    "value": "T.S. Eliot",
    "synonyms": [
      "T.S. Eliot"
    ]
  },
  {
    "value": "Alexander Pushkin",
    "synonyms": [
      "Alexander Pushkin"
    ]
  },
  {
    "value": "Ivan Turgenev",
    "synonyms": [
      "Ivan Turgenev"
    ]
  },
  {
    "value": "Carson McCullers",
    "synonyms": [
      "Carson McCullers"
    ]
  },
  {
    "value": "John Irving",
    "synonyms": [
      "John Irving"
    ]
  },
  {
    "value": "Advertisements",
    "synonyms": [
      "Advertisements"
    ]
  }
]